CHILD,PATTERN_ABSTRACT,POS,CHILD_DER_CAT,PARENT,PARENT_PATTERN_ABSTRACT,PARENT_POS,
ACT_PRTC:1A2i3,1A2i3,ADJ,ACT_PRTC,V_I:1a2a3,1a2a3,VERB,
ACT_PRTC:1A2i3,1A2i3,ADJ,ACT_PRTC,V_I:1a2a3_INTRANS,1a2a3_INTRANS,VERB,
ACT_PRTC:1A2i3,1A2i3,ADJ,ACT_PRTC,V_I:1a2a3,1a2i3,VERB,
ACT_PRTC:1A2i3,1A2i3,ADJ,ACT_PRTC,V_I:1a2a3_INTRANS,1a2i3_INTRANS,VERB,
ACT_PRTC:1A2i3,1A2i3,ADJ,ACT_PRTC,V_I:1a2a3_INTRANS,1a2u3_INTRANS,VERB,
ِADJ_COMP_1,>a1o2a3,ADJ_COMP,COMP_ADJ,DES_ADJ:>a1o2a3,>a1o2a3,ADJ,
ِADJ_COMP_2,>a1o2a3,ADJ_COMP,COMP_ADJ,DES_ADJ:1a2~i3,1a2~i3,ADJ,
ِADJ_COMP_3,>a1o2a3,ADJ_COMP,COMP_ADJ,DES_ADJ:1a2a3,1a2a3,ADJ,
ِADJ_COMP_4,>a1o2a3,ADJ_COMP,COMP_ADJ,DES_ADJ:1a2A3,1a2A3,ADJ,
ِADJ_COMP_5,>a1o2a3,ADJ_COMP,COMP_ADJ,DES_ADJ:1A2i3,1A2i3,ADJ,
ِADJ_COMP_6,>a1o2a3,ADJ_COMP,COMP_ADJ,DES_ADJ:1a2i3,1a2i3,ADJ,
ِADJ_COMP_7,>a1o2a3,ADJ_COMP,COMP_ADJ,DES_ADJ:1a2iy3,1a2iy3,ADJ,
ِADJ_COMP_8,>a1o2a3,ADJ_COMP,COMP_ADJ,DES_ADJ:1a2o3,1a2o3,ADJ,
ِADJ_COMP_9,>a1o2a3,ADJ_COMP,COMP_ADJ,DES_ADJ:1a2o3An,1a2o3An,ADJ,
ِADJ_COMP_10,>a1o2a3,ADJ_COMP,COMP_ADJ,DES_ADJ:1a2o3aY,1a2o3aY,ADJ,
ِADJ_COMP_11,>a1o2a3,ADJ_COMP,COMP_ADJ,DES_ADJ:1a2uw3,1a2uw3,ADJ,
ِADJ_COMP_12,>a1o2a3,ADJ_COMP,COMP_ADJ,DES_ADJ:1u2A3,1u2A3,ADJ,
ِADJ_COMP_13,>a1o2a3,ADJ_COMP,COMP_ADJ,DES_ADJ:1u2o3,1u2o3,ADJ,
ِADJ_COMP_14,>a1o2a3,ADJ_COMP,COMP_ADJ,DES_ADJ:1u2o3An,1u2o3An,ADJ,
ِADJ_COMP_15,>a1o2a3,ADJ_COMP,COMP_ADJ,DES_ADJ:1u2u3,1u2u3,ADJ,
ِADJ_COMP_16,>a1o2a3,ADJ_COMP,COMP_ADJ,DES_ADJ:ma1o2uw3,ma1o2uw3,ADJ,
ِADJ_COMP_17,>a1o2a3,ADJ_COMP,COMP_ADJ,DES_ADJ:mu1A2i3,mu1A2i3,ADJ,
ِADJ_COMP_18,>a1o2a3,ADJ_COMP,COMP_ADJ,DES_ADJ:mu1o2i3,mu1o2i3,ADJ,
ADJ_M:>a12a3,>a1o2a3,ADJ,DES_ADJ,V_I:1a2i3_INTRANS,1a2a3_INTRANS,VERB,
ADJ_M:>a12a3,>a1o2a3,ADJ,DES_ADJ,V_I:1a2i3_INTRANS,1a2i3_INTRANS,VERB,
ADJ_M:>a12a3,>a1o2a3,ADJ,DES_ADJ,V_I:1a2i3_INTRANS,1a2u3_INTRANS,VERB,
ADJ_M:>a12a3,>a1o2a3,ADJ,DES_ADJ,V_I:1a2a3,1a2a3,VERB,
ADJ_M:>a12a3,>a1o2a3,ADJ,DES_ADJ,V_I:1a2i3,1a2i3,VERB,
ADJ:1a2~i3,1a2~i3,ADJ,DES_ADJ,V_I:1a2u3_INTRANS,1a2a3_INTRANS,VERB,
ADJ:1a2~i3,1a2~i3,ADJ,DES_ADJ,V_I:1a2u3_INTRANS,1a2i3_INTRANS,VERB,
ADJ:1a2~i3,1a2~i3,ADJ,DES_ADJ,V_I:1a2u3_INTRANS,1a2u3_INTRANS,VERB,
ADJ:1a2~i3,1a2~i3,ADJ,DES_ADJ,V_I:1a2a3,1a2a3,VERB,
ADJ:1a2~i3,1a2~i3,ADJ,DES_ADJ,V_I:1a2i3,1a2i3,VERB,
ADJ:1a2a3,1a2a3,ADJ,DES_ADJ,V_I:1a2u3_INTRANS,1a2u3_INTRANS,VERB,
ADJ:1a2a3,1a2a3,ADJ,DES_ADJ,V_I:1a2u3_INTRANS,1a2i3_INTRANS,VERB,
ADJ:1a2a3,1a2a3,ADJ,DES_ADJ,V_I:1a2u3_INTRANS,1a2a3_INTRANS,VERB,
ADJ:1a2a3,1a2a3,ADJ,DES_ADJ,V_I:1a2i3,1a2i3,VERB,
ADJ:1a2a3,1a2a3,ADJ,DES_ADJ,V_I:1a2a3,1a2a3,VERB,
ADJ:1a2A3,1a2A3,ADJ,DES_ADJ,V_I:1a2u3_INTRANS,1a2u3_INTRANS,VERB,
ADJ:1a2A3,1a2A3,ADJ,DES_ADJ,V_I:1a2u3_INTRANS,1a2a3_INTRANS,VERB,
ADJ:1a2A3,1a2A3,ADJ,DES_ADJ,V_I:1a2u3_INTRANS,1a2i3_INTRANS,VERB,
ADJ:1a2A3,1a2A3,ADJ,DES_ADJ,V_I:1a2a3,1a2a3,VERB,
ADJ:1a2A3,1a2A3,ADJ,DES_ADJ,V_I:1a2i3,1a2i3,VERB,
ADJ:1A2i3,1A2i3,ADJ,DES_ADJ,V_I:1a2a3_INTRANS,1a2u3_INTRANS,VERB,
ADJ:1A2i3,1A2i3,ADJ,DES_ADJ,V_I:1a2a3_INTRANS,1a2a3_INTRANS,VERB,
ADJ:1A2i3,1A2i3,ADJ,DES_ADJ,V_I:1a2a3_INTRANS,1a2i3_INTRANS,VERB,
ADJ:1A2i3,1A2i3,ADJ,DES_ADJ,V_I:1a2a3,1a2a3,VERB,
ADJ:1A2i3,1A2i3,ADJ,DES_ADJ,V_I:1a2i3,1a2i3,VERB,
ADJ:1a2i3,1a2i3,ADJ,DES_ADJ,V_I:1a2i3_INTRANS,1a2i3_INTRANS,VERB,
ADJ:1a2i3,1a2i3,ADJ,DES_ADJ,V_I:1a2i3_INTRANS,1a2a3_INTRANS,VERB,
ADJ:1a2i3,1a2i3,ADJ,DES_ADJ,V_I:1a2i3_INTRANS,1a2u3_INTRANS,VERB,
ADJ:1a2i3,1a2i3,ADJ,DES_ADJ,V_I:1a2i3,1a2i3,VERB,
ADJ:1a2i3,1a2i3,ADJ,DES_ADJ,V_I:1a2a3,1a2a3,VERB,
ADJ:1a2iy3,1a2iy3,ADJ,DES_ADJ,V_I:1a2u3_INTRANS,1a2u3_INTRANS,VERB,
ADJ:1a2iy3,1a2iy3,ADJ,DES_ADJ,V_I:1a2u3_INTRANS,1a2a3_INTRANS,VERB,
ADJ:1a2iy3,1a2iy3,ADJ,DES_ADJ,V_I:1a2u3_INTRANS,1a2i3_INTRANS,VERB,
ADJ:1a2iy3,1a2iy3,ADJ,DES_ADJ,V_I:1a2a3,1a2a3,VERB,
ADJ:1a2iy3,1a2iy3,ADJ,DES_ADJ,V_I:1a2i3,1a2i3,VERB,
ADJ:1a23,1a2o3,ADJ,DES_ADJ,V_I:1a2u3_INTRANS,1a2u3_INTRANS,VERB,
ADJ:1a23,1a2o3,ADJ,DES_ADJ,V_I:1a2u3_INTRANS,1a2a3_INTRANS,VERB,
ADJ:1a23,1a2o3,ADJ,DES_ADJ,V_I:1a2u3_INTRANS,1a2i3_INTRANS,VERB,
ADJ:1a23,1a2o3,ADJ,DES_ADJ,V_I:1a2a3,1a2a3,VERB,
ADJ:1a23,1a2o3,ADJ,DES_ADJ,V_I:1a2i3,1a2i3,VERB,
ADJ_F:1a23A',1a2o3A',ADJ,DES_ADJ,V_I:1a2i3_INTRANS,1a2u3_INTRANS,VERB,
ADJ_F:1a23A',1a2o3A',ADJ,DES_ADJ,V_I:1a2i3_INTRANS,1a2u3_INTRANS,VERB,
ADJ_F:1a23A',1a2o3A',ADJ,DES_ADJ,V_I:1a2i3_INTRANS,1a2u3_INTRANS,VERB,
ADJ_F:1a23A',1a2o3A',ADJ,DES_ADJ,V_I:1a2i3,1a2i3,VERB,
ADJ_F:1a23A',1a2o3A',ADJ,DES_ADJ,V_I:1a2i3,1a2i3,VERB,
ADJ_M:1a2o3An,1a2o3An,ADJ,DES_ADJ,V_I:1a2i3_INTRANS,1a2u3_INTRANS,VERB,
ADJ_M:1a2o3An,1a2o3An,ADJ,DES_ADJ,V_I:1a2i3_INTRANS,1a2i3_INTRANS,VERB,
ADJ_M:1a2o3An,1a2o3An,ADJ,DES_ADJ,V_I:1a2i3_INTRANS,1a2a3_INTRANS,VERB,
ADJ_M:1a2o3An,1a2o3An,ADJ,DES_ADJ,V_I:1a2i3,1a2i3,VERB,
ADJ_M:1a2o3An,1a2o3An,ADJ,DES_ADJ,V_I:1a2a3,1a2a3,VERB,
ADJ_F:1a2o3aY,1a2o3aY,ADJ,DES_ADJ,V_I:1a2i3_INTRANS,1a2u3_INTRANS,VERB,
ADJ_F:1a2o3aY,1a2o3aY,ADJ,DES_ADJ,V_I:1a2i3_INTRANS,1a2a3_INTRANS,VERB,
ADJ_F:1a2o3aY,1a2o3aY,ADJ,DES_ADJ,V_I:1a2i3_INTRANS,1a2i3_INTRANS,VERB,
ADJ_F:1a2o3aY,1a2o3aY,ADJ,DES_ADJ,V_I:1a2i3,1a2i3,VERB,
ADJ_F:1a2o3aY,1a2o3aY,ADJ,DES_ADJ,V_I:1a2a3,1a2a3,VERB,
ADJ:1a2uw3,1a2uw3,ADJ,DES_ADJ,V_I:1a2u3_INTRANS,1a2u3_INTRANS,VERB,
ADJ:1a2uw3,1a2uw3,ADJ,DES_ADJ,V_I:1a2u3_INTRANS,1a2a3_INTRANS,VERB,
ADJ:1a2uw3,1a2uw3,ADJ,DES_ADJ,V_I:1a2u3_INTRANS,1a2i3_INTRANS,VERB,
ADJ:1a2uw3,1a2uw3,ADJ,DES_ADJ,V_I:1a2a3,1a2a3,VERB,
ADJ:1a2uw3,1a2uw3,ADJ,DES_ADJ,V_I:1a2i3,1a2i3,VERB,
ADJ:1u2A3,1u2A3,ADJ,DES_ADJ,V_I:1a2u3_INTRANS,1a2u3_INTRANS,VERB,
ADJ:1u2A3,1u2A3,ADJ,DES_ADJ,V_I:1a2u3_INTRANS,1a2a3_INTRANS,VERB,
ADJ:1u2A3,1u2A3,ADJ,DES_ADJ,V_I:1a2u3_INTRANS,1a2i3_INTRANS,VERB,
ADJ:1u2A3,1u2A3,ADJ,DES_ADJ,V_I:1a2a3,1a2a3,VERB,
ADJ:1u2A3,1u2A3,ADJ,DES_ADJ,V_I:1a2i3,1a2i3,VERB,
ADJ:1u2o3,1u2o3,ADJ,DES_ADJ,V_I:1a2u3_INTRANS,1a2u3_INTRANS,VERB,
ADJ:1u2o3,1u2o3,ADJ,DES_ADJ,V_I:1a2u3_INTRANS,1a2a3_INTRANS,VERB,
ADJ:1u2o3,1u2o3,ADJ,DES_ADJ,V_I:1a2u3_INTRANS,1a2i3_INTRANS,VERB,
ADJ:1u2o3,1u2o3,ADJ,DES_ADJ,V_I:1a2a3,1a2a3,VERB,
ADJ:1u2o3,1u2o3,ADJ,DES_ADJ,V_I:1a2i3,1a2i3,VERB,
ADJ:1u2o3An,1u2o3An,ADJ,DES_ADJ,V_I:1a2a3_INTRANS,1a2a3_INTRANS,VERB,
ADJ:1u2o3An,1u2o3An,ADJ,DES_ADJ,V_I:1a2a3_INTRANS,1a2u3_INTRANS,VERB,
ADJ:1u2o3An,1u2o3An,ADJ,DES_ADJ,V_I:1a2a3_INTRANS,1a2i3_INTRANS,VERB,
ADJ:1u2o3An,1u2o3An,ADJ,DES_ADJ,V_I:1a2a3,1a2a3,VERB,
ADJ:1u2o3An,1u2o3An,ADJ,DES_ADJ,V_I:1a2i3,1a2i3,VERB,
ADJ:1u2u3,1u2u3,ADJ,DES_ADJ,V_I:1a2u3_INTRANS,1a2u3_INTRANS,VERB,
ADJ:1u2u3,1u2u3,ADJ,DES_ADJ,V_I:1a2u3_INTRANS,1a2i3_INTRANS,VERB,
ADJ:1u2u3,1u2u3,ADJ,DES_ADJ,V_I:1a2u3_INTRANS,1a2a3_INTRANS,VERB,
ADJ:1u2u3,1u2u3,ADJ,DES_ADJ,V_I:1a2i3,1a2i3,VERB,
ADJ:1u2u3,1u2u3,ADJ,DES_ADJ,V_I:1a2a3,1a2a3,VERB,
ADJ:ma1o2uw3,ma1o2uw3,ADJ,DES_ADJ,V_I:1a2a3_INTRANS,1a2u3_INTRANS,VERB,
ADJ:ma1o2uw3,ma1o2uw3,ADJ,DES_ADJ,V_I:1a2a3_INTRANS,1a2a3_INTRANS,VERB,
ADJ:ma1o2uw3,ma1o2uw3,ADJ,DES_ADJ,V_I:1a2a3_INTRANS,1a2i3_INTRANS,VERB,
ADJ:ma1o2uw3,ma1o2uw3,ADJ,DES_ADJ,V_I:1a2a3,1a2a3,VERB,
ADJ:ma1o2uw3,ma1o2uw3,ADJ,DES_ADJ,V_I:1a2i3,1a2i3,VERB,
MASDAR_M: ma1o2a3,ma12a3,NOUN,MASDAR_M,V_I:>a1o2a3,>a1o2a3,VERB,
MASDAR_M: ma1o2a3,ma12a3,NOUN,MASDAR_M,V_IV:>a1o2a3_INTRANS,>a1o2a3_INTRANS,VERB,
MASDAR_M:ma1A3,ma1A3,NOUN,MASDAR_M,V_I:1a2a3,1a2a3,VERB,
MASDAR_M:ma1A3,ma1A3,NOUN,MASDAR_M,V_I:1a2i3,1a2i3,VERB,
MASDAR_M:ma1A3,ma1A3,NOUN,MASDAR_M,V_I:1a2a3_INTRANS,1a2a3_INTRANS,VERB,
MASDAR_M:ma1A3,ma1A3,NOUN,MASDAR_M,V_I:1a2a3_INTRANS,1a2i3_INTRANS,VERB,
MASDAR_M:ma1A3,ma1A3,NOUN,MASDAR_M,V_I:1a2a3_INTRANS,1a2u3_INTRANS,VERB,
MASDAR_M:ma1a3o3+ap,ma1a3o3+ap,NOUN,MASDAR_M,V_I:1a2a3,1a2a3,VERB,
MASDAR_M:ma1a3o3+ap,ma1a3o3+ap,NOUN,MASDAR_M,V_I:1a2i3,1a2i3,VERB,
MASDAR_M:ma1a3o3+ap,ma1a3o3+ap,NOUN,MASDAR_M,V_I:1a2a3_INTRANS,1a2a3_INTRANS,VERB,
MASDAR_M:ma1a3o3+ap,ma1a3o3+ap,NOUN,MASDAR_M,V_I:1a2a3_INTRANS,1a2i3_INTRANS,VERB,
MASDAR_M:ma1a3o3+ap,ma1a3o3+ap,NOUN,MASDAR_M,V_I:1a2a3_INTRANS,1a2u3_INTRANS,VERB,
MASDAR_M:ma1iy3,ma1iy3,NOUN,MASDAR_M,V_I:1a2a3,1a2a3,VERB,
MASDAR_M:ma1iy3,ma1iy3,NOUN,MASDAR_M,V_I:1a2i3,1a2i3,VERB,
MASDAR_M:ma1iy3,ma1iy3,NOUN,MASDAR_M,V_I:1a2a3_INTRANS,1a2a3_INTRANS,VERB,
MASDAR_M:ma1iy3,ma1iy3,NOUN,MASDAR_M,V_I:1a2a3_INTRANS,1a2i3_INTRANS,VERB,
MASDAR_M:ma1iy3,ma1iy3,NOUN,MASDAR_M,V_I:1a2a3_INTRANS,1a2u3_INTRANS,VERB,
MASDAR_M:ma1o2a3,ma1o2a3,NOUN,MASDAR_M,V_I:1a2a3,1a2a3,VERB,
MASDAR_M:ma1o2a3,ma1o2a3,NOUN,MASDAR_M,V_I:1a2i3,1a2i3,VERB,
MASDAR_M:ma1o2a3,ma1o2a3,NOUN,MASDAR_M,V_I:1a2a3_INTRANS,1a2a3_INTRANS,VERB,
MASDAR_M:ma1o2a3,ma1o2a3,NOUN,MASDAR_M,V_I:1a2a3_INTRANS,1a2i3_INTRANS,VERB,
MASDAR_M:ma1o2a3,ma1o2a3,NOUN,MASDAR_M,V_I:1a2a3_INTRANS,1a2u3_INTRANS,VERB,
MASDAR_M:ma1o2i3+ap,ma1o2i3+ap,NOUN,MASDAR_M,V_I:1a2a3,1a2a3,VERB,
MASDAR_M:ma1o2i3+ap,ma1o2i3+ap,NOUN,MASDAR_M,V_I:1a2i3,1a2i3,VERB,
MASDAR_M:ma1o2i3+ap,ma1o2i3+ap,NOUN,MASDAR_M,V_I:1a2i3_INTRANS,1a2a3_INTRANS,VERB,
MASDAR_M:ma1o2i3+ap,ma1o2i3+ap,NOUN,MASDAR_M,V_I:1a2a3,1a2a3,VERB,
MASDAR:1a2a3,1a2a3,NOUN,N_VERB_I,V_I:1a2a3,1a2a3,VERB,
MASDAR:1a2a3,1a2a3,NOUN,N_VERB_I,V_I:1a2a3_INTRANS,1a2a3_INTRANS,VERB,
MASDAR:1a2A3,1a2A3,NOUN,N_VERB_I,V_I:1a2a3_INTRANS,1a2a3_INTRANS,VERB,
MASDAR:1a2A3,1a2A3,NOUN,N_VERB_I,V_I:1a2a3,1a2a3,VERB,
MASDAR:1a2A3,1a2A3,NOUN,N_VERB_I,V_I:1a2a3_INTRANS,1a2i3_INTRANS,VERB,
MASDAR:1a2A3,1a2A3,NOUN,N_VERB_I,V_I:1a2i3,1a2i3,VERB,
MASDAR:1a2A3,1a2A3,NOUN,N_VERB_I,V_I:1a2a3_INTRANS,1a2u3_INTRANS,VERB,
MASDAR:1i2A3,1i2A3,NOUN,N_VERB_I,V_I:1a2a3,1a2a3,VERB,
MASDAR:1i2A3,1i2A3,NOUN,N_VERB_I,V_I:1a2i3,1a2i3,VERB,
MASDAR:1a2a3+ap,1a2a3+ap,NOUN,N_VERB_I,V_I:1a2a3_INTRANS,1a2a3_INTRANS,VERB,
MASDAR:1a2a3+ap,1a2a3+ap,NOUN,N_VERB_I,V_I:1a2a3,1a2a3,VERB,
MASDAR:1a2a3+ap,1a2a3+ap,NOUN,N_VERB_I,V_I:1a2a3_INTRANS,1a2i3_INTRANS,VERB,
MASDAR:1a2a3+ap,1a2a3+ap,NOUN,N_VERB_I,V_I:1a2i3,1a2i3,VERB,
MASDAR:1a2A3+ap,1a2A3+ap,NOUN,N_VERB_I,V_I:1a2u3_INTRANS,1a2u3_INTRANS,VERB,
MASDAR:1a2a3An,1a2a3An,NOUN,N_VERB_I,V_I:1a2i3_INTRANS,1a2i3_INTRANS,VERB,
MASDAR:1a2a3An,1a2a3An,NOUN,N_VERB_I,V_I:1a2i3,1a2i3,VERB,
MASDAR:1a2a3An,1a2a3An,NOUN,N_VERB_I,V_I:1a2i3_INTRANS,1a2a3_INTRANS,VERB,
MASDAR:1a2a3An,1a2a3An,NOUN,N_VERB_I,V_I:1a2a3,1a2a3,VERB,
MASDAR:1a2a3An,1a2a3An,NOUN,N_VERB_I,V_I:1a2i3_INTRANS,1a2u3_INTRANS,VERB,
MASDAR:1a2iy3,1a2iy3,NOUN,N_VERB_I,V_I:1a2a3,1a2a3,VERB,
MASDAR:1a2iy3,1a2iy3,NOUN,N_VERB_I,V_I:1a2i3,1a2i3,VERB,
MASDAR:1a2iy3+ap,1a2iy3+ap,NOUN,N_VERB_I,V_I:1a2u3_INTRANS,1a2u3_INTRANS,VERB,
MASDAR:1a2iy3+ap,1a2iy3+ap,NOUN,N_VERB_I,V_I:1a2u3_INTRANS,1a2i3_INTRANS,VERB,
MASDAR:1a2iy3+ap,1a2iy3+ap,NOUN,N_VERB_I,V_I:1a2u3_INTRANS,1a2a3_INTRANS,VERB,
MASDAR:1a2iy3+ap,1a2iy3+ap,NOUN,N_VERB_I,V_I:1a2a3,1a2a3,VERB,
MASDAR:1a2iy3+ap,1a2iy3+ap,NOUN,N_VERB_I,V_I:1a2i3,1a2i3,VERB,
MASDAR:1a2o3,1a2o3,NOUN,N_VERB_I,V_I:1a2a3,1a2a3,VERB,
MASDAR:1a2o3,1a2o3,NOUN,N_VERB_I,V_I:1a2i3,1a2i3,VERB,
MASDAR:1a2o3+ap,1a2o3+ap,NOUN,N_VERB_I,V_I:1a2a3,1a2a3,VERB,
MASDAR:1a2o3+ap,1a2o3+ap,NOUN,N_VERB_I,V_I:1a2i3,1a2i3,VERB,
MASDAR:1a2o3aY,1a2o3aY,NOUN,N_VERB_I,V_I:1a2a3,1a2a3,VERB,
MASDAR:1a2o3aY,1a2o3aY,NOUN,N_VERB_I,V_I:1a2i3,1a2i3,VERB,
MASDAR:1a2o3aY,1a2o3aY,NOUN,N_VERB_I,V_I:1a2a3_INTRANS,1a2u3_INTRANS,VERB,
MASDAR:1a2uw3,1a2uw3,NOUN,N_VERB_I,V_I:1a2i3,1a2i3,VERB,
MASDAR:1a2uw3,1a2uw3,NOUN,N_VERB_I,V_I:1a2a3,1a2a3,VERB,
MASDAR:1a2uw3,1a2uw3,NOUN,N_VERB_I,V_I:1a2i3_INTRANS,1a2u3_INTRANS,VERB,
MASDAR:1a2uw3,1a2uw3,NOUN,N_VERB_I,V_I:1a2i3_INTRANS,1a2a3_INTRANS,VERB,
MASDAR:1a2uw3,1a2uw3,NOUN,N_VERB_I,V_I:1a2i3_INTRANS,1a2i3_INTRANS,VERB,
MASDAR:1i2A3+ap,1i2A3+ap,NOUN,N_VERB_I,V_I:1a2a3,1a2a3,VERB,
MASDAR:1i2A3+ap,1i2A3+ap,NOUN,N_VERB_I,V_I:1a2i3,1a2i3,VERB,
MASDAR:1i2o3,1i2o3,NOUN,N_VERB_I,V_I:1a2i3,1a2i3,VERB,
MASDAR:1i2o3,1i2o3,NOUN,N_VERB_I,V_I:1a2a3,1a2a3,VERB,
MASDAR:1i2o3+ap,1i2o3+ap,NOUN,N_VERB_I,V_I:1a2a3,1a2a3,VERB,
MASDAR:1i2o3+ap,1i2o3+ap,NOUN,N_VERB_I,V_I:1a2i3,1a2i3,VERB,
MASDAR:1i2o3An,1i2o3An,NOUN,N_VERB_I,V_I:1a2a3,1a2a3,VERB,
MASDAR:1i2o3An,1i2o3An,NOUN,N_VERB_I,V_I:1a2i3,1a2i3,VERB,
MASDAR:1u2A3,1u2A3,NOUN,N_VERB_I,V_I:1a2a3,1a2a3,VERB,
MASDAR:1u2A3,1u2A3,NOUN,N_VERB_I,V_I:1a2i3,1a2i3,VERB,
MASDAR:1u2o3,1u2o3,NOUN,N_VERB_I,V_I:1a2u3_INTRANS,1a2u3_INTRANS,VERB,
MASDAR:1u2o3,1u2o3,NOUN,N_VERB_I,V_I:1a2a3,1a2a3,VERB,
MASDAR:1u2o3,1u2o3,NOUN,N_VERB_I,V_I:1a2i3,1a2i3,VERB,
MASDAR:1u2o3+ap,1u2o3+ap,NOUN,N_VERB_I,V_I:1a2a3,1a2a3,VERB,
MASDAR:1u2o3+ap,1u2o3+ap,NOUN,N_VERB_I,V_I:1a2i3,1a2i3,VERB,
MASDAR:1a2a3,1a2a3,NOUN,N_VERB_I,V_I:1a2i3_INTRANS,1a2i3_INTRANS,VERB,
MASDAR:1a2a3,1a2a3,NOUN,N_VERB_I,V_I:1a2i3,1a2i3,VERB,
MASDAR:1a2a3,1a2a3,NOUN,N_VERB_I,V_I:1a2i3_INTRANS,1a2u3_INTRANS,VERB,
MASDAR:1i2A3,1i2A3,NOUN,N_VERB_I,V_I:1a2a3_INTRANS,1a2a3_INTRANS,VERB,
MASDAR:1i2A3,1i2A3,NOUN,N_VERB_I,V_I:1a2u3_INTRANS,1a2a3_INTRANS,VERB,
MASDAR:1i2A3,1i2A3,NOUN,N_VERB_I,V_I:1a2i3_INTRANS,1a2a3_INTRANS,VERB,
MASDAR:1a2iy3,1a2iy3,NOUN,N_VERB_I,V_I:1a2i3_INTRANS,1a2a3_INTRANS,VERB,
MASDAR:1a2iy3,1a2iy3,NOUN,N_VERB_I,V_I:1a2i3_INTRANS,1a2i3_INTRANS,VERB,
MASDAR:1a2iy3,1a2iy3,NOUN,N_VERB_I,V_I:1a2i3_INTRANS,1a2u3_INTRANS,VERB,
MASDAR:1a2o3,1a2o3,NOUN,N_VERB_I,V_I:1a2a3_INTRANS,1a2a3_INTRANS,VERB,
MASDAR:1a2o3,1a2o3,NOUN,N_VERB_I,V_I:1a2a3_INTRANS,1a2u3_INTRANS,VERB,
MASDAR:1a2o3,1a2o3,NOUN,N_VERB_I,V_I:1a2a3_INTRANS,1a2i3_INTRANS,VERB,
MASDAR:1a2o3+ap,1a2o3+ap,NOUN,N_VERB_I,V_I:1a2i3_INTRANS,1a2a3_INTRANS,VERB,
MASDAR:1a2o3+ap,1a2o3+ap,NOUN,N_VERB_I,V_I:1a2i3_INTRANS,1a2i3_INTRANS,VERB,
MASDAR:1a2o3+ap,1a2o3+ap,NOUN,N_VERB_I,V_I:1a2i3_INTRANS,1a2u3_INTRANS,VERB,
MASDAR:1a2o3aY,1a2o3aY,NOUN,N_VERB_I,V_I:1a2a3_INTRANS,1a2a3_INTRANS,VERB,
MASDAR:1a2o3aY,1a2o3aY,NOUN,N_VERB_I,V_I:1a2a3_INTRANS,1a2i3_INTRANS,VERB,
MASDAR:1i2A3+ap,1i2A3+ap,NOUN,N_VERB_I,V_I:1a2a3_INTRANS,1a2a3_INTRANS,VERB,
MASDAR:1i2A3+ap,1i2A3+ap,NOUN,N_VERB_I,V_I:1a2a3_INTRANS,1a2i3_INTRANS,VERB,
MASDAR:1i2A3+ap,1i2A3+ap,NOUN,N_VERB_I,V_I:1a2a3_INTRANS,1a2u3_INTRANS,VERB,
MASDAR:1i2o3,1i2o3,NOUN,N_VERB_I,V_I:1a2i3_INTRANS,1a2a3_INTRANS,VERB,
MASDAR:1i2o3,1i2o3,NOUN,N_VERB_I,V_I:1a2i3_INTRANS,1a2i3_INTRANS,VERB,
MASDAR:1i2o3,1i2o3,NOUN,N_VERB_I,V_I:1a2i3_INTRANS,1a2u3_INTRANS,VERB,
MASDAR:1i2o3+ap,1i2o3+ap,NOUN,N_VERB_I,V_I:1a2i3_INTRANS,1a2a3_INTRANS,VERB,
MASDAR:1i2o3+ap,1i2o3+ap,NOUN,N_VERB_I,V_I:1a2i3_INTRANS,1a2i3_INTRANS,VERB,
MASDAR:1i2o3+ap,1i2o3+ap,NOUN,N_VERB_I,V_I:1a2i3_INTRANS,1a2u3_INTRANS,VERB,
MASDAR:1i2o3An,1i2o3An,NOUN,N_VERB_I,V_I:1a2a3_INTRANS,1a2a3_INTRANS,VERB,
MASDAR:1i2o3An,1i2o3An,NOUN,N_VERB_I,V_I:1a2a3_INTRANS,1a2i3_INTRANS,VERB,
MASDAR:1i2o3An,1i2o3An,NOUN,N_VERB_I,V_I:1a2a3_INTRANS,1a2u3_INTRANS,VERB,
MASDAR:1u2A3,1u2A3,NOUN,N_VERB_I,V_I:1a2a3_INTRANS,1a2a3_INTRANS,VERB,
MASDAR:1u2A3,1u2A3,NOUN,N_VERB_I,V_I:1a2a3_INTRANS,1a2u3_INTRANS,VERB,
MASDAR:1u2A3,1u2A3,NOUN,N_VERB_I,V_I:1a2a3_INTRANS,1a2i3_INTRANS,VERB,
MASDAR:1u2o3,1u2o3,NOUN,N_VERB_I,V_I:1a2a3_INTRANS,1a2a3_INTRANS,VERB,
MASDAR:1u2o3,1u2o3,NOUN,N_VERB_I,V_I:1a2a3_INTRANS,1a2i3_INTRANS,VERB,
MASDAR:1u2o3+ap,1u2o3+ap,NOUN,N_VERB_I,V_I:1a2a3_INTRANS,1a2a3_INTRANS,VERB,
MASDAR:1u2o3+ap,1u2o3+ap,NOUN,N_VERB_I,V_I:1a2a3_INTRANS,1a2i3_INTRANS,VERB,
MASDAR:1u2o3+ap,1u2o3+ap,NOUN,N_VERB_I,V_I:1a2a3_INTRANS,1a2u3_INTRANS,VERB,
MASDAR:1u2o3An,1u2o3An,NOUN,N_VERB_I,V_I:1a2a3_INTRANS,1a2a3_INTRANS,VERB,
MASDAR:1u2o3An,1u2o3An,NOUN,N_VERB_I,V_I:1a2a3,1a2a3,VERB,
MASDAR:1u2o3An,1u2o3An,NOUN,N_VERB_I,V_I:1a2a3_INTRANS,1a2i3_INTRANS,VERB,
MASDAR:1u2o3An,1u2o3An,NOUN,N_VERB_I,V_I:1a2i3,1a2i3,VERB,
MASDAR:1u2o3An,1u2o3An,NOUN,N_VERB_I,V_I:1a2a3_INTRANS,1a2u3_INTRANS,VERB,
MASDAR:1u2uw3,1u2uw3,NOUN,N_VERB_I,V_I:1a2a3,1a2a3,VERB,
MASDAR:1u2uw3,1u2uw3,NOUN,N_VERB_I,V_I:1a2a3_INTRANS,1a2a3_INTRANS,VERB,
MASDAR:1u2uw3,1u2uw3,NOUN,N_VERB_I,V_I:1a2a3_INTRANS,1a2i3_INTRANS,VERB,
MASDAR:1u2uw3,1u2uw3,NOUN,N_VERB_I,V_I:1a2i3,1a2i3,VERB,
MASDAR:1u2uw3,1u2uw3,NOUN,N_VERB_I,V_I:1a2a3_INTRANS,1a2u3_INTRANS,VERB,
MASDAR:1u2uw3+ap,1u2uw3+ap,NOUN,N_VERB_I,V_I:1a2a3_INTRANS,1a2u3_INTRANS,VERB,
MASDAR:1u2uw3+ap,1u2uw3+ap,NOUN,N_VERB_I,V_I:1a2i3,1a2i3,VERB,
MASDAR:1u2uw3+ap,1u2uw3+ap,NOUN,N_VERB_I,V_I:1a2a3_INTRANS,1a2u3_INTRANS,VERB,
MASDAR:1u2uw3+ap,1u2uw3+ap,NOUN,N_VERB_I,V_I:1a2a3_INTRANS,1a2a3_INTRANS,VERB,
MASDAR:1u2uw3+ap,1u2uw3+ap,NOUN,N_VERB_I,V_I:1a2a3_INTRANS,1a2i3_INTRANS,VERB,
N_EXAG: 1a2i3,1a2i3,ADJ,N_EXAG,DES_ADJ:1A2i3,1A2i3,ADJ,
N_EXAG: 1a2uw3,1a2uw3,ADJ,N_EXAG,DES_ADJ:1A2i3,1A2i3,ADJ,
N_EXAG: mi1o2A3,mi1o2A3,ADJ,N_EXAG,DES_ADJ:1A2i3,1A2i3,ADJ,
N_EXAG:1a2~A3,1a2~A3,ADJ,N_EXAG,DES_ADJ:1A2i3,1A2i3,ADJ,
N_INST:1a2o3+ap,1a2o3+ap,NOUN,N_INST,V_I:1a2a3,1a2a3,VERB,
N_INST:1a2o3+ap,1a2o3+ap,NOUN,N_INST,V_I:1a2i3,1a2i3,VERB,
N_INST:1a2o3+ap,1a2o3+ap,NOUN,N_INST,V_I:1a2a3_INTRANS,1a2u3_INTRANS,VERB,
N_INST:1a2o3+ap,1a2o3+ap,NOUN,N_INST,V_I:1a2a3_INTRANS,1a2i3_INTRANS,VERB,
N_INST:1a2o3+ap,1a2o3+ap,NOUN,N_INST,V_I:1a2a3_INTRANS,1a2a3_INTRANS,VERB,
N_INSTR:1a2~A3+ap,1a2~A3+ap,NOUN,N_INSTR,V_I:1a2a3,1a2a3,VERB,
N_INSTR:1a2~A3+ap,1a2~A3+ap,NOUN,N_INSTR,V_I:1a2a3_INTRANS,1a2a3_INTRANS,VERB,
N_INSTR:1a2~A3+ap,1a2~A3+ap,NOUN,N_INSTR,V_I:1a2i3,1a2i3,VERB,
N_INSTR:1a2~A3+ap,1a2~A3+ap,NOUN,N_INSTR,V_I:1a2a3_INTRANS,1a2i3_INTRANS,VERB,
N_INSTR:1a2~A3+ap,1a2~A3+ap,NOUN,N_INSTR,V_I:1a2a3_INTRANS,1a2u3_INTRANS,VERB,
N_INSTR:1a2~A3,1a2~A3,NOUN,N_INSTR,V_I:1a2a3,1a2a3,VERB,
N_INSTR:1a2~A3,1a2~A3,NOUN,N_INSTR,V_I:1a2a3_INTRANS,1a2a3_INTRANS,VERB,
N_INSTR:1a2~A3,1a2~A3,NOUN,N_INSTR,V_I:1a2i3,1a2i3,VERB,
N_INSTR:1a2~A3,1a2~A3,NOUN,N_INSTR,V_I:1a2a3_INTRANS,1a2i3_INTRANS,VERB,
N_INSTR:1a2~A3,1a2~A3,NOUN,N_INSTR,V_I:1a2a3_INTRANS,1a2u3_INTRANS,VERB,
N_LOC:ma1o2a3,ma1o2a3,NOUN,N_LOC,V_I:1a2a3,1a2a3,VERB,
N_LOC:ma1o2a3,ma1o2a3,NOUN,N_LOC,V_I:1a2a3_INTRANS,1a2a3_INTRANS,VERB,
N_LOC:ma1o2a3,ma1o2a3,NOUN,N_LOC,V_I:1a2i3,1a2i3,VERB,
N_LOC:ma1o2a3,ma1o2a3,NOUN,N_LOC,V_I:1a2a3_INTRANS,1a2i3_INTRANS,VERB,
N_LOC:ma1o2a3,ma1o2a3,NOUN,N_LOC,V_I:1a2a3_INTRANS,1a2u3_INTRANS,VERB,
N_LOC:ma1o2a3+ap,ma1o2a3+ap,NOUN,N_LOC,V_I:1a2a3,1a2a3,VERB,
N_LOC:ma1o2a3+ap,ma1o2a3+ap,NOUN,N_LOC,V_I:1a2a3_INTRANS,1a2a3_INTRANS,VERB,
N_LOC:ma1o2a3+ap,ma1o2a3+ap,NOUN,N_LOC,V_I:1a2i3,1a2i3,VERB,
N_LOC:ma1o2a3+ap,ma1o2a3+ap,NOUN,N_LOC,V_I:1a2a3_INTRANS,1a2i3_INTRANS,VERB,
N_LOC:ma1o2a3+ap,ma1o2a3+ap,NOUN,N_LOC,V_I:1a2a3_INTRANS,1a2u3_INTRANS,VERB,
N_LOC:ma1o2i3,ma1o2i3,NOUN,N_LOC,V_I:1a2a3,1a2a3,VERB,
N_LOC:ma1o2i3,ma1o2i3,NOUN,N_LOC,V_I:1a2a3_INTRANS,1a2a3_INTRANS,VERB,
N_LOC:ma1o2i3,ma1o2i3,NOUN,N_LOC,V_I:1a2i3,1a2i3,VERB,
N_LOC:ma1o2i3,ma1o2i3,NOUN,N_LOC,V_I:1a2a3_INTRANS,1a2i3_INTRANS,VERB,
N_LOC:ma1o2i3,ma1o2i3,NOUN,N_LOC,V_I:1a2a3_INTRANS,1a2u3_INTRANS,VERB,
N_LOC:ma1o2i3+ap,ma1o2i3+ap,NOUN,N_LOC,V_I:1a2a3,1a2a3,VERB,
N_LOC:ma1o2i3+ap,ma1o2i3+ap,NOUN,N_LOC,V_I:1a2a3_INTRANS,1a2a3_INTRANS,VERB,
N_LOC:ma1o2i3+ap,ma1o2i3+ap,NOUN,N_LOC,V_I:1a2i3,1a2i3,VERB,
N_LOC:ma1o2i3+ap,ma1o2i3+ap,NOUN,N_LOC,V_I:1a2a3_INTRANS,1a2i3_INTRANS,VERB,
N_LOC:ma1o2i3+ap,ma1o2i3+ap,NOUN,N_LOC,V_I:1a2a3_INTRANS,1a2u3_INTRANS,VERB,
N_INSTR:mi1o2A3,mi1o2A3,NOUN,N_INSTR,V_I:1a2a3,1a2a3,VERB,
N_INSTR:mi1o2a3,mi1o2a3,NOUN,N_INSTR,V_I:1a2a3,1a2a3,VERB,
N_INSTR:mi1o2A3,mi1o2A3,NOUN,N_INSTR,V_I:1a2a3_INTRANS,1a2a3_INTRANS,VERB,
N_INSTR:mi1o2a3,mi1o2a3,NOUN,N_INSTR,V_I:1a2a3_INTRANS,1a2a3_INTRANS,VERB,
N_INSTR:mi1o2A3,mi1o2A3,NOUN,N_INSTR,V_I:1a2i3,1a2i3,VERB,
N_INSTR:mi1o2a3,mi1o2a3,NOUN,N_INSTR,V_I:1a2i3,1a2i3,VERB,
N_INSTR:mi1o2A3,mi1o2A3,NOUN,N_INSTR,V_I:1a2a3_INTRANS,1a2i3_INTRANS,VERB,
N_INSTR:mi1o2a3,mi1o2a3,NOUN,N_INSTR,V_I:1a2a3_INTRANS,1a2i3_INTRANS,VERB,
N_INSTR:mi1o2A3,mi1o2A3,NOUN,N_INSTR,V_I:1a2a3_INTRANS,1a2u3_INTRANS,VERB,
N_INSTR:mi1o2a3,mi1o2a3,NOUN,N_INSTR,V_I:1a2a3_INTRANS,1a2u3_INTRANS,VERB,
N_INSTR:mi1o2a3+ap,mi1o2a3+ap,NOUN,N_INSTR,V_I:1a2a3,1a2a3,VERB,
N_INSTR:mi1o2a3+ap,mi1o2a3+ap,NOUN,N_INSTR,V_I:1a2a3_INTRANS,1a2a3_INTRANS,VERB,
N_INSTR:mi1o2a3+ap,mi1o2a3+ap,NOUN,N_INSTR,V_I:1a2i3,1a2i3,VERB,
N_INSTR:mi1o2a3+ap,mi1o2a3+ap,NOUN,N_INSTR,V_I:1a2a3_INTRANS,1a2i3_INTRANS,VERB,
N_INSTR:mi1o2a3+ap,mi1o2a3+ap,NOUN,N_INSTR,V_I:1a2a3_INTRANS,1a2u3_INTRANS,VERB,
N_INSTR:1ِA2i3+ap,1A2i3+ap,NOUN,N_INSTR,V_I:1a2a3,1a2a3,VERB,
N_INSTR:1ِA2i3+ap,1A2i3+ap,NOUN,N_INSTR,V_I:1a2a3_INTRANS,1a2a3_INTRANS,VERB,
N_INSTR:1ِA2i3+ap,1A2i3+ap,NOUN,N_INSTR,V_I:1a2i3,1a2i3,VERB,
N_INSTR:1ِA2i3+ap,1A2i3+ap,NOUN,N_INSTR,V_I:1a2a3_INTRANS,1a2i3_INTRANS,VERB,
N_INSTR:1ِA2i3+ap,1A2i3+ap,NOUN,N_INSTR,V_I:1a2a3_INTRANS,1a2u3_INTRANS,VERB,
N_INSTR:1ِa2uw3,1a2uw3,NOUN,N_INSTR,V_I:1a2a3,1a2a3,VERB,
N_INSTR:1ِa2uw3,1a2uw3,NOUN,N_INSTR,V_I:1a2a3_INTRANS,1a2a3_INTRANS,VERB,
N_INSTR:1ِa2uw3,1a2uw3,NOUN,N_INSTR,V_I:1a2i3,1a2i3,VERB,
N_INSTR:1ِa2uw3,1a2uw3,NOUN,N_INSTR,V_I:1a2a3_INTRANS,1a2i3_INTRANS,VERB,
N_INSTR:1ِa2uw3,1a2uw3,NOUN,N_INSTR,V_I:1a2a3_INTRANS,1a2u3_INTRANS,VERB,
N_INSTR:mi1a2~i3,mi1a2~i3,NOUN,N_INSTR,V_I:1a2a3,1a2a3,VERB,
N_INSTR:mi1a2~i3,mi1a2~i3,NOUN,N_INSTR,V_I:1a2a3_INTRANS,1a2a3_INTRANS,VERB,
N_INSTR:mi1a2~i3,mi1a2~i3,NOUN,N_INSTR,V_I:1a2i3,1a2i3,VERB,
N_INSTR:mi1a2~i3,mi1a2~i3,NOUN,N_INSTR,V_I:1a2a3_INTRANS,1a2i3_INTRANS,VERB,
N_INSTR:mi1a2~i3,mi1a2~i3,NOUN,N_INSTR,V_I:1a2a3_INTRANS,1a2u3_INTRANS,VERB,
PASS_PRTC:ma1o2uw3,ma1o2uw3,ADJ,PASS_PRTC,V_I:1a2a3,1a2a3,VERB,
PASS_PRTC:ma1o2uw3,ma1o2uw3,ADJ,PASS_PRTC,V_I:1a2a3_INTRANS,1a2a3_INTRANS,VERB,
PASS_PRTC:ma1o2uw3,ma1o2uw3,ADJ,PASS_PRTC,V_I:1a2i3,1a2i3,VERB,
PASS_PRTC:ma1o2uw3,ma1o2uw3,ADJ,PASS_PRTC,V_I:1a2a3_INTRANS,1a2i3_INTRANS,VERB,
PASS_PRTC:ma1o2uw3,ma1o2uw3,ADJ,PASS_PRTC,V_I:1a2u3,1a2u3,VERB,
PASS_PRTC:ma1o2uw3,ma1o2uw3,ADJ,PASS_PRTC,V_I:1a2a3_INTRANS,1a2u3_INTRANS,VERB,
ROOT,ROOT,ROOT,ROOT,NONE,None,NONE,
V_I:1a2a3,1a2a3,VERB,VERB_I,ROOT,ROOT,ROOT,
V_I:1a2a3_INTRANS,1a2a3_INTRANS,VERB,VERB_I,ROOT,ROOT,ROOT,
V_I:1a2u3_INTRANS,1a2u3_INTRANS,VERB,VERB_I,ROOT,ROOT,ROOT,
V_I:1a2i3,1a2i3,VERB,VERB_I,ROOT,ROOT,ROOT,
V_I:1a2i3_INTRANS,1a2i3_INTRANS,VERB,VERB_I,ROOT,ROOT,ROOT,
ACT_PRTC:mu1a2~i3,mu1a2~i3,ADJ,ACT_PRTC,V_II:1a2~a3,1a2~a3,VERB,
QUAD_PASS_PRTC:mu1a2o3a4,mu1a2o3a4,ADJ,PASS_PRTC,QUAD_V_I:1a2o3a4,1a2o3a4,VERB,
QUAD_PASS_PRTC:mu1a2o3a4,mu1a2o3a4,ADJ,PASS_PRTC,QUAD_V_I:1a2o3a4_INTRANS,1a2o3a4_INTRANS,VERB,
QUAD_MASDAR:1a2o3a4+ap,1a2o3a4+ap,NOUN,N_QUAD_VERB_I,QUAD_V_I:1a2o3a4,1a2o3a4,VERB,
ACT_PRTC:mu1a2~i3,mu1a2~i3,ADJ,ACT_PRTC,V_II:1a2~a3_INTRANS,1a2~a3_INTRANS,VERB,
QUAD_MASDAR:1a2o3a4+ap,1a2o3a4+ap,NOUN,N_QUAD_VERB_I,QUAD_V_I:1a2o3a4_INTRANS,1a2o3a4_INTRANS,VERB,
QUAD_V_II:ta1a2o3a4_INSTANCE,ta1a2o3a4_INSTANCE,VERB,VERB_II,QUAD_V_I:1a2o3a4,1a2o3a4,VERB,
QUAD_V_IV:{i1o2a3a4_INSTANCE,{i1o2a3a4_INSTANCE,VERB,VERB_IV,QUAD_V_I:1a2o3a4,1a2o3a4,VERB,
QUAD_V_II:ta1a2o3a4_INSTANCE,ta1a2o3a4,VERB,VERB_II,QUAD_V_I:1a2o3a4,1a2o3a4,VERB,
QUAD_V_IV:{i1o2a3a4_INSTANCE,{i1o2a3a4 ,VERB,VERB_IV,QUAD_V_I:1a2o3a4,1a2o3a4,VERB,
QUAD_V_II:ta1a2o3a4_INSTANCE,ta1a2o3a4_INSTANCE,VERB,VERB_II,QUAD_V_I:1a2o3a4_INTRANS,1a2o3a4_INTRANS,VERB,
QUAD_V_IV:{i1o2a3a4_INSTANCE,{i1o2a3a4_INSTANCE,VERB,VERB_IV,QUAD_V_I:1a2o3a4_INTRANS,1a2o3a4_INTRANS,VERB,
QUAD_V_II:ta1a2o3a4_INSTANCE,ta1a2o3a4,VERB,VERB_II,QUAD_V_I:1a2o3a4_INTRANS,1a2o3a4_INTRANS,VERB,
QUAD_V_IV:{i1o2a3a4_INSTANCE,{i1o2a3a4 ,VERB,VERB_IV,QUAD_V_I:1a2o3a4_INTRANS,1a2o3a4_INTRANS,VERB,
QUAD_V_II:ta1a2o3a4,ta1a2o3a4_INSTANCE,VERB,VERB_II,QUAD_V_I:1a2o3a4,1a2o3a4,VERB,
QUAD_V_IV:{i1o2a3a4,{i1o2a3a4_INSTANCE,VERB,VERB_IV,QUAD_V_I:1a2o3a4,1a2o3a4,VERB,
QUAD_V_II:ta1a2o3a4,ta1a2o3a4,VERB,VERB_II,QUAD_V_I:1a2o3a4,1a2o3a4,VERB,
QUAD_V_IV:{i1o2a3a4,{i1o2a3a4 ,VERB,VERB_IV,QUAD_V_I:1a2o3a4,1a2o3a4,VERB,
QUAD_V_II:ta1a2o3a4,ta1a2o3a4_INSTANCE,VERB,VERB_II,QUAD_V_I:1a2o3a4_INTRANS,1a2o3a4_INTRANS,VERB,
QUAD_V_IV:{i1o2a3a4,{i1o2a3a4_INSTANCE,VERB,VERB_IV,QUAD_V_I:1a2o3a4_INTRANS,1a2o3a4_INTRANS,VERB,
QUAD_V_II:ta1a2o3a4,ta1a2o3a4,VERB,VERB_II,QUAD_V_I:1a2o3a4_INTRANS,1a2o3a4_INTRANS,VERB,
QUAD_V_IV:{i1o2a3a4,{i1o2a3a4 ,VERB,VERB_IV,QUAD_V_I:1a2o3a4_INTRANS,1a2o3a4_INTRANS,VERB,
ACT_PRTC:mu1A2i3,mu1A2i3,ADJ,ACT_PRTC,V_III:1A2a3,1A2a3,VERB,
QUAD_MASDAR:ta1a2o3u4,ta1a2o3u4,NOUN,N_QUAD_VERB_II,QUAD_V_II:ta1a2o3a4_INTRANS,ta1a2o3a4_INTRANS,VERB,
QUAD_MASDAR:ta1a2o3u4,ta1a2o3u4,NOUN,N_QUAD_VERB_II,QUAD_V_II:ta1a2o3a4,ta1a2o3a4,VERB,
ACT_PRTC:mu1A2i3,mu1A2i3,ADJ,ACT_PRTC,V_III:1A2a3_INTRANS,1A2a3_INTRANS,VERB,
QUAD_MASDAR:{i1o2i3o4A4,{i1o2i3o4A4,NOUN,N_QUAD_VERB_IV,QUAD_V_IV:{i1o2a3a4_INTRANS,{i1o2a3a4_INTRANS,VERB,
QUAD_MASDAR:{i1o2i3o4A4,{i1o2i3o4A4,NOUN,N_QUAD_VERB_IV,QUAD_V_IV:{i1o2a3a4,{i1o2a3a4,VERB,
QUAD_V_I:1a2o3a4,1a2o3a4,VERB,VERB_I,ROOT,ROOT,VERB,
V_II:1a2~a3_INTRANS,1a2~a3_INTRANS,VERB,VERB_II,V_I:1a2a3,1a2a3,VERB,
V_II:1a2~a3,1a2~a3,VERB,VERB_II,V_I:1a2a3,1a2a3,VERB,
V_II:1a2~a3_INTRANS,1a2~a3_INTRANS,VERB,VERB_II,V_I:1a2a3_INTRANS,1a2a3_INTRANS,VERB,
V_II:1a2~a3,1a2~a3,VERB,VERB_II,V_I:1a2a3_INTRANS,1a2a3_INTRANS,VERB,
V_II:1a2~a3_INTRANS,1a2~a3_INTRANS,VERB,VERB_II,V_I:1a2i3,1a2i3,VERB,
V_II:1a2~a3,1a2~a3,VERB,VERB_II,V_I:1a2i3,1a2i3,VERB,
V_II:1a2~a3_INTRANS,1a2~a3_INTRANS,VERB,VERB_II,V_I:1a2a3_INTRANS,1a2i3_INTRANS,VERB,
V_II:1a2~a3,1a2~a3,VERB,VERB_II,V_I:1a2a3_INTRANS,1a2i3_INTRANS,VERB,
V_II:1a2~a3_INTRANS,1a2~a3_INTRANS,VERB,VERB_II,V_I:1a2a3_INTRANS,1a2u3_INTRANS,VERB,
V_II:1a2~a3,1a2~a3,VERB,VERB_II,V_I:1a2a3_INTRANS,1a2u3_INTRANS,VERB,
V_III:1A2a3_INTRANS,1A2a3_INTRANS,VERB,VERB_III,V_I:1a2a3,1a2a3,VERB,
V_III:1A2a3,1A2a3,VERB,VERB_III,V_I:1a2a3,1a2a3,VERB,
V_III:1A2a3_INTRANS,1A2a3_INTRANS,VERB,VERB_III,V_I:1a2a3_INTRANS,1a2a3_INTRANS,VERB,
V_III:1A2a3,1A2a3,VERB,VERB_III,V_I:1a2a3_INTRANS,1a2a3_INTRANS,VERB,
V_III:1A2a3_INTRANS,1A2a3_INTRANS,VERB,VERB_III,V_I:1a2i3,1a2i3,VERB,
V_III:1A2a3,1A2a3,VERB,VERB_III,V_I:1a2i3,1a2i3,VERB,
V_III:1A2a3_INTRANS,1A2a3_INTRANS,VERB,VERB_III,V_I:1a2a3_INTRANS,1a2i3_INTRANS,VERB,
V_III:1A2a3,1A2a3,VERB,VERB_III,V_I:1a2a3_INTRANS,1a2i3_INTRANS,VERB,
V_III:1A2a3_INTRANS,1A2a3_INTRANS,VERB,VERB_III,V_I:1a2a3_INTRANS,1a2u3_INTRANS,VERB,
V_III:1A2a3,1A2a3,VERB,VERB_III,V_I:1a2a3_INTRANS,1a2u3_INTRANS,VERB,
V_IV:>a1o2a3,>a1o2a3,VERB,VERB_IV,V_I:1a2a3,1a2a3,VERB,
V_VII:{ino1a2a3_INTRANS,{ino1a2a3_INTRANS,VERB,VERB_VII,V_I:1a2a3_INTRANS,1a2a3_INTRANS,VERB,
V_VII:{ino1a2a3_INTRANS,{ino1a2a3_INTRANS,VERB,VERB_VII,V_I:1a2a3,1a2a3,VERB,
V_VII:{ino1a2a3_INTRANS,{ino1a2a3_INTRANS,VERB,VERB_VII,V_I:1a2i3,1a2i3,VERB,
V_VII:{ino1a2a3_INTRANS,{ino1a2a3_INTRANS,VERB,VERB_VII,V_I:1a2a3_INTRANS,1a2i3_INTRANS,VERB,
V_VII:{ino1a2a3_INTRANS,{ino1a2a3_INTRANS,VERB,VERB_VII,V_I:1a2a3_INTRANS,1a2u3_INTRANS,VERB,
V_VIII:{i1ota2a3,{i1ota2a3,VERB,VERB_VIII,V_I:1a2a3,1a2a3,VERB,
V_VIII:{i1ota2a3_INTRANS,{i1ota2a3_INTRANS,VERB,VERB_VIII,V_I:1a2a3,1a2a3,VERB,
V_VIII:{i1ota2a3,{i1ota2a3,VERB,VERB_VIII,V_I:1a2a3_INTRANS,1a2a3_INTRANS,VERB,
V_VIII:{i1ota2a3_INTRANS,{i1ota2a3_INTRANS,VERB,VERB_VIII,V_I:1a2a3_INTRANS,1a2a3_INTRANS,VERB,
V_VIII:{i1ota2a3,{i1ota2a3,VERB,VERB_VIII,V_I:1a2i3,1a2i3,VERB,
V_VIII:{i1ota2a3_INTRANS,{i1ota2a3_INTRANS,VERB,VERB_VIII,V_I:1a2i3,1a2i3,VERB,
V_VIII:{i1ota2a3,{i1ota2a3,VERB,VERB_VIII,V_I:1a2a3_INTRANS,1a2i3_INTRANS,VERB,
V_VIII:{i1ota2a3_INTRANS,{i1ota2a3_INTRANS,VERB,VERB_VIII,V_I:1a2a3_INTRANS,1a2i3_INTRANS,VERB,
V_VIII:{i1ota2a3,{i1ota2a3,VERB,VERB_VIII,V_I:1a2u3,1a2u3,VERB,
V_VIII:{i1ota2a3_INTRANS,{i1ota2a3_INTRANS,VERB,VERB_VIII,V_I:1a2u3,1a2u3,VERB,
V_X:{isota1o2a3,{isota1o2a3,VERB,VERB_X,V_I:1a2a3,1a2a3,VERB,
V_X:{isota1o2a3_INTRANS,{isota1o2a3_INTRANS,VERB,VERB_X,V_I:1a2a3,1a2a3,VERB,
V_X:{isota1o2a3,{isota1o2a3,VERB,VERB_X,V_I:1a2a3_INTRANS,1a2a3_INTRANS,VERB,
V_X:{isota1o2a3_INTRANS,{isota1o2a3_INTRANS,VERB,VERB_X,V_I:1a2a3_INTRANS,1a2a3_INTRANS,VERB,
V_X:{isota1o2a3,{isota1o2a3,VERB,VERB_X,V_I:1a2i3,1a2i3,VERB,
V_X:{isota1o2a3_INTRANS,{isota1o2a3_INTRANS,VERB,VERB_X,V_I:1a2i3,1a2i3,VERB,
V_X:{isota1o2a3,{isota1o2a3,VERB,VERB_X,V_I:1a2a3_INTRANS,1a2i3_INTRANS,VERB,
V_X:{isota1o2a3_INTRANS,{isota1o2a3_INTRANS,VERB,VERB_X,V_I:1a2a3_INTRANS,1a2i3_INTRANS,VERB,
V_X:{isota1o2a3,{isota1o2a3,VERB,VERB_X,V_I:1a2a3_INTRANS,1a2u3_INTRANS,VERB,
V_X:{isota1o2a3_INTRANS,{isota1o2a3_INTRANS,VERB,VERB_X,V_I:1a2a3_INTRANS,1a2u3_INTRANS,VERB,
QUAD_V_I:1a2o3a4_INTRANS,1a2o3a4_INTRANS,VERB,VERB_I,V_I:ROOT,ROOT,VERB,
V_IX:{i1o2a3~_INTRANS,{i1o2a3~_INTRANS,VERB,VERB_IX,V_I:1a2u3,1a2u3,VERB,
MASDAR_M:ma1o2i3+ap,ma1o2i3+ap,NOUN,MASDAR_M,V_I:1a2i3_INTRANS,1a2i3_INTRANS,VERB,
MASDAR_M:ma1o2i3+ap,ma1o2i3+ap,NOUN,MASDAR_M,V_I:1a2i3,1a2i3,VERB,
MASDAR_M:ma1o2i3+ap,ma1o2i3+ap,NOUN,MASDAR_M,V_I:1a2i3_INTRANS,1a2u3_INTRANS,VERB,
MASDAR:ta1o2i3+ap,ta1o2i3+ap,NOUN,N_VERB_II,V_II:1a2~a3,1a2~a3,VERB,
MASDAR:ta1o2iy3,ta1o2iy3,NOUN,N_VERB_II,V_II:1a2~a3,1a2~a3,VERB,
MASDAR:ti1o2A3,ti1o2A3,NOUN,N_VERB_II,V_II:1a2~a3,1a2~a3,VERB,
MASDAR:ta1o2i3+ap,ta1o2i3+ap,NOUN,N_VERB_II,V_II:1a2~a3_INTRANS,1a2~a3_INTRANS,VERB,
MASDAR:ta1o2iy3,ta1o2iy3,NOUN,N_VERB_II,V_II:1a2~a3_INTRANS,1a2~a3_INTRANS,VERB,
MASDAR:ti1o2A3,ti1o2A3,NOUN,N_VERB_II,V_II:1a2~a3_INTRANS,1a2~a3_INTRANS,VERB,
PASS_PRTC:mu1a2~a3,mu1a2~a3,ADJ,PASS_PRTC,V_II:1a2~a3,1a2~a3,VERB,
PASS_PRTC:mu1a2~a3,mu1a2~a3,ADJ,PASS_PRTC,V_II:1a2~a3_INTRANS,1a2~a3_INTRANS,VERB,
N_LOC:mu1a2~a3,mu1a2~a3,NOUN,N_LOC,V_II:1a2~a3,1a2~a3,VERB,
N_LOC:mu1a2~a3,mu1a2~a3,NOUN,N_LOC,V_II:1a2~a3_INTRANS,1a2~a3_INTRANS,VERB,
MASDAR_M: mu1a2~a3,mu1a2~a3,NOUN,MASDAR_M,V_II:1a2~a3,1a2~a3,VERB,
MASDAR_M: mu1a2~a3,mu1a2~a3,NOUN,MASDAR_M,V_II:1a2~a3_INTRANS,1a2~a3_INTRANS,VERB,
MASDAR:1i2A3,1i2A3,NOUN,N_VERB_III,V_III:1A2a3,1A2a3,VERB,
MASDAR:mu1A2a3+ap,mu1A2a3+ap,NOUN,N_VERB_III,V_III:1A2a3,1A2a3,VERB,
MASDAR:1i2A3,1i2A3,NOUN,N_VERB_III,V_III:1A2a3_INTRANS,1A2a3_INTRANS,VERB,
MASDAR:mu1A2a3+ap,mu1A2a3+ap,NOUN,N_VERB_III,V_III:1A2a3_INTRANS,1A2a3_INTRANS,VERB,
PASS_PRTC:mu1A2a3,mu1A2a3,ADJ,PASS_PRTC,V_III:1A2a3,1A2a3,VERB,
PASS_PRTC:mu1A2a3,mu1A2a3,ADJ,PASS_PRTC,V_III:1A2a3_INTRANS,1A2a3_INTRANS,VERB,
N_LOC:mu1A2a3,mu1A2a3,NOUN,N_LOC,V_III:1A2a3,1A2a3,VERB,
N_LOC:mu1A2a3,mu1A2a3,NOUN,N_LOC,V_III:1A2a3_INTRANS,1A2a3_INTRANS,VERB,
V_V:ta1a2~a3_INTRANS,ta1a2~a3_INTRANS,VERB,VERB_V,V_V:1a2~a3,1a2~a3,VERB,
V_V:ta1a2~a3,ta1a2~a3,VERB,VERB_V,V_V:1a2~a3,1a2~a3,VERB,
V_V:ta1a2~a3_INTRANS,ta1a2~a3_INTRANS,VERB,VERB_V,V_V:1a2~a3_TRANS,1a2~a3_TRANS,VERB,
V_V:ta1a2~a3,ta1a2~a3,VERB,VERB_V,V_V:1a2~a3_TRANS,1a2~a3_TRANS,VERB,
V_VI:ta1A2a3_INTRANS,ta1A2a3_INTRANS,VERB,VERB_VI,V_VI:1A2a3,1A2a3,VERB,
V_VI:ta1A2a3,ta1A2a3,VERB,VERB_VI,V_VI:1A2a3,1A2a3,VERB,
V_VI:ta1A2a3_INTRANS,ta1A2a3_INTRANS,VERB,VERB_VI,V_III:1A2a3_INTRANS,1A2a3_INTRANS,VERB,
V_VI:ta1A2a3,ta1A2a3,VERB,VERB_VI,V_III:1A2a3_INTRANS,1A2a3_INTRANS,VERB,
QUAD_ACT_PRTC:mu1a2o3i4,mu1a2o3i4,ADJ,ACT_PRTC,QUAD_V_I:1a2o3a4,1a2o3a4,VERB,
QUAD_ACT_PRTC:mu1a2o3i4,mu1a2o3i4,ADJ,ACT_PRTC,QUAD_V_I:1a2o3a4_INTRANS,1a2o3a4_INTRANS,VERB,
QUAD_ACT_PRTC:mu1a2o3i4,mu1a2o3i4,ADJ,ACT_PRTC,QUAD_V_I:1a2o3a4,1a2o3a4,VERB,
ACT_PRTC:mu1o2a3~,mu1o2a3~,ADJ,ACT_PRTC,V_IX:{i1o2a3~,{i1o2a3~,VERB,
ACT_PRTC:mu1o2a3~,mu1o2a3~,ADJ,ACT_PRTC,V_IX:{i1o2a3~_INTRANS,{i1o2a3~_INTRANS,VERB,
QUAD_ACT_PRTC:mu1o2a3i4,mu1o2a3i4,ADJ,ACT_PRTC,QUAD_V_I:{i1o2a3a4_INTRANS,{i1o2a3a4_INTRANS,VERB,
ACT_PRTC:mu1o2i3,mu1o2i3,ADJ,ACT_PRTC,V_IV:>a1o2a3,>a1o2a3,VERB,
MASDAR_M: mu1A2a3,mu1A2a3,NOUN,MASDAR_M,V_VI:1A2a3,1A2a3,VERB,
MASDAR_M: mu1A2a3,mu1A2a3,NOUN,MASDAR_M,V_III:1A2a3_INTRANS,1A2a3_INTRANS,VERB,
MASDAR:<i1o2A3,<i1o2A3,NOUN,N_VERB_IV,V_IV:>a1o2a3,>a1o2a3,VERB,
MASDAR:<i1o2A3+ap,<i1o2A3+ap,NOUN,N_VERB_IV,V_IV:>a1o2a3,>a1o2a3,VERB,
MASDAR:<i1o2A3,<i1o2A3,NOUN,N_VERB_IV,V_IV:>a1o2a3_INTRANS,>a1o2a3_INTRANS,VERB,
MASDAR:<i1o2A3+ap,<i1o2A3+ap,NOUN,N_VERB_IV,V_IV:>a1o2a3_INTRANS,>a1o2a3_INTRANS,VERB,
PASS_PRTC:mu1o2a3,mu1o2a3,ADJ,PASS_PRTC,V_IV:>a1o2a3,>a1o2a3,VERB,
PASS_PRTC:mu1o2a3,mu1o2a3,ADJ,PASS_PRTC,V_IV:>a1o2a3_INTRANS,>a1o2a3_INTRANS,VERB,
N_LOC:mu1o2a3,mu1o2a3,NOUN,N_LOC,V_IV:>a1o2a3,>a1o2a3,VERB,
N_LOC:mu1o2a3,mu1o2a3,NOUN,N_LOC,V_IV:>a1o2a3_INTRANS,>a1o2a3_INTRANS,VERB,
ACT_PRTC:mu1o2i3,mu1o2i3,ADJ,ACT_PRTC,V_IV:>a1o2a3_INTRANS,>a1o2a3_INTRANS,VERB,
ACT_PRTC:mu1ota2i3,mu1ota2i3,ADJ,ACT_PRTC,V_III:{i1ota2a3,{i1ota2a3,VERB,
MASDAR_M:mu1o2a3~,mu1o2a3~,NOUN,MASDAR_M,V_IX:{i1o2a3~,{i1o2a3~,VERB,
MASDAR_M:mu1o2a3~,mu1o2a3~,NOUN,MASDAR_M,V_IX:{i1o2a3~_INTRANS,{i1o2a3~_INTRANS,VERB,
MASDAR:{i1o2i3A3,{i1o2i3A3,NOUN,N_VERB_IX,V_IX:{i1o2a3~_INTRANS,{i1o2a3~_INTRANS,VERB,
MASDAR:{i1o2i3A3,{i1o2i3A3,NOUN,N_VERB_IX,V_IX:{i1o2a3~,{i1o2a3~,VERB,
PASS_PRTC:mu1o2a3~,mu1o2a3~,ADJ,PASS_PRTC,V_IX:{i1o2a3~,{i1o2a3~,VERB,
PASS_PRTC:mu1o2a3~,mu1o2a3~,ADJ,PASS_PRTC,V_IX:{i1o2a3~_INTRANS,{i1o2a3~_INTRANS,VERB,
N_LOC:mu1o2a3~,mu1o2a3~,NOUN,N_LOC,V_IX:{i1o2a3~,{i1o2a3~,VERB,
N_LOC:mu1o2a3~,mu1o2a3~,NOUN,N_LOC,V_IX:{i1o2a3~_INTRANS,{i1o2a3~_INTRANS,VERB,
ACT_PRTC:mu1ota2i3,mu1ota2i3,ADJ,ACT_PRTC,V_VIII:{i1ota2a3_INTRANS,{i1ota2a3_INTRANS,VERB,
ACT_PRTC:muno1a2i3,muno1a2i3,ADJ,ACT_PRTC,V_VII:{ino1a2a3_INTRANS,{ino1a2a3_INTRANS,VERB,
MASDAR_M: mu1ota2a3,mu1ta2a3,NOUN,MASDAR_M,V_VIII:{i1ota2a3,{i1ota2a3,VERB,
MASDAR_M: mu1ota2a3,mu1ta2a3,NOUN,MASDAR_M,V_VIII:{i1ota2a3,{i1ota2a3,VERB,
MASDAR:ta1a2~u3,ta1a2~u3,NOUN,N_VERB_V,V_V:ta1a2~a3_INTRANS,ta1a2~a3_INTRANS,VERB,
MASDAR:ta1a2~u3,ta1a2~u3,NOUN,N_VERB_V,V_V:ta1a2~a3,ta1a2~a3,VERB,
PASS_PRTC:muta1a2~a3,muta1a2~a3,ADJ,PASS_PRTC,V_V:ta1a2~a3,ta1a2~a3,VERB,
PASS_PRTC:muta1a2~a3,muta1a2~a3,ADJ,PASS_PRTC,V_V:ta1a2~a3_INTRANS,ta1a2~a3_INTRANS,VERB,
N_LOC:muta1a2~a3,muta1a2~a3,NOUN,N_LOC,V_V:ta1a2~a3,ta1a2~a3,VERB,
N_LOC:muta1a2~a3,muta1a2~a3,NOUN,N_LOC,V_V:ta1a2~a3_INTRANS,ta1a2~a3_INTRANS,VERB,
ACT_PRTC:musota1o2i3,musota1o2i3,ADJ,ACT_PRTC,V_X:{isota1o2a3,{isota1o2a3,VERB,
ACT_PRTC:musota1o2i3,musota1o2i3,ADJ,ACT_PRTC,V_X:{isota1o2a3_INTRANS_INTRANS,{isota1o2a3_INTRANS,VERB,
MASDAR_M: muno1a2a3,muno1a2a3,NOUN,MASDAR_M,V_VII:{ino1a2a3_INTRANS,{ino1a2a3_INTRANS,VERB,
MASDAR:ta1A2u3,ta1A2u3,NOUN,N_VERB_VI,V_VI:ta1A2a3_INTRANS,ta1A2a3_INTRANS,VERB,
MASDAR:ta1A2u3,ta1A2u3,NOUN,N_VERB_VI,V_VI:ta1A2a3,ta1A2a3,VERB,
PASS_PRTC:muta1A2a4,muta1a2~a4,ADJ,PASS_PRTC,QUAD_V_I:ta1A2a4,ta1A2a4,VERB,
PASS_PRTC:muta1A2a4,muta1a2~a4,ADJ,PASS_PRTC,V_VI:ta1A2a4_INTRANS,ta1A2a4_INTRANS,VERB,
N_LOC:muta1a2~a4,muta1a2~a4,NOUN,N_LOC,QUAD_V_I:ta1A2a4,ta1A2a4,VERB,
N_LOC:muta1a2~a4,muta1a2~a4,NOUN,N_LOC,V_VI:ta1A2a4_INTRANS,ta1A2a4_INTRANS,VERB,
ACT_PRTC:muta1a2~i3,muta1a2~i3,ADJ,ACT_PRTC,V_V:ta1a2~a3,ta1a2~a3,VERB,
MASDAR_M:musota12a3,musota12a3,NOUN,MASDAR_M,V_X:{isota1o2a3,{isota1o2a3,VERB,
MASDAR:{ino1i2A3,{ino1i2A3,NOUN,N_VERB_VII,V_VII{ino1a2a3_INTRANS,{ino1a2a3_INTRANS,VERB,
MASDAR:{ino1i2A3+ap,{ino1i2A3+ap,NOUN,N_VERB_VII,V_VII{ino1a2a3_INTRANS,{ino1a2a3_INTRANS,VERB,
PASS_PRTC:muno1a2a3,muno1a2a3,ADJ,PASS_PRTC,V_VII:{ino1a2a3_INTRANS,{ino1a2a3_INTRANS,VERB,
N_LOC:muno1a2a3,muno1a2a3,NOUN,N_LOC,V_VII:{ino1a2a3_INTRANS,{ino1a2a3_INTRANS,VERB,
ACT_PRTC:muta1a2~i3,muta1a2~i3,ADJ,ACT_PRTC,V_V:ta1a2~a3_INTRANS,ta1a2~a3_INTRANS,VERB,
ACT_PRTC:muta1A2i3,muta1A2i3,ADJ,ACT_PRTC,V_VI:ta1A2a3_INTRANS,ta1A2a3_INTRANS,VERB,
MASDAR_M: muta1a2~a3,muta1a2~a3,NOUN,MASDAR_M,V_V:ta1a2~a3,ta1a2~a3,VERB,
MASDAR_M: muta1a2~a3,muta1a2~a3,NOUN,MASDAR_M,V_V:ta1a2~a3_INTRANS,ta1a2~a3_INTRANS,VERB,
MASDAR:{i1oti2A3,{i1oti2A3,NOUN,N_VERB_VIII,V_III:{i1ota2a3_INTRANS,{i1ota2a3_INTRANS,VERB,
MASDAR:{i1oti2A3,{i1oti2A3,NOUN,N_VERB_VIII,V_VIII:{i1ota2a3,{i1ota2a3,VERB,
PASS_PRTC:mu1ota2a3,mu1ta2a3,ADJ,PASS_PRTC,V_III:{i1ota2a3,{i1ota2a3,VERB,
PASS_PRTC:mu1ota2a3,mu1ta2a3,ADJ,PASS_PRTC,V_VIII:{i1ota2a3_INTRANS,{i1ota2a3_INTRANS,VERB,
N_LOC:mu1ta2a3,mu1ta2a3,NOUN,N_LOC,V_III:{i1ota2a3,{i1ota2a3,VERB,
N_LOC:mu1ta2a3,mu1ta2a3,NOUN,N_LOC,V_VIII:{i1ota2a3_INTRANS,{i1ota2a3_INTRANS,VERB,
ACT_PRTC:muta1A2i3,muta1A2i3,ADJ,ACT_PRTC,V_VI:ta1A2a3,ta1A2a3,VERB,
QUAD_ACT_PRTC:muta1a2o3i4,muta1a2o3i4,ADJ,ACT_PRTC,QUAD_V_I:ta1a2o3a4_INTRANS,ta1a2o3a4_INTRANS,VERB,
QUAD_ACT_PRTC:muta1a2o3i4,muta1a2o3i4,ADJ,ACT_PRTC,QUAD_V_I:ta1a2o3a4,ta1a2o3a4,VERB,
MASDAR_M: muta1A2a3,muta1A2a3,NOUN,MASDAR_M,V_VI:ta1A2a3,ta1A2a3,VERB,
MASDAR:{isoti1o2A3,{isoti1o2A3,NOUN,N_VERB_X,V_X:{isota1o2a3,{isota1o2a3,VERB,
MASDAR:{isoti1o2A3,{isoti1o2A3,NOUN,N_VERB_X,V_X:{isota1o2a3_INTRANS_INTRANS,{isota1o2a3_INTRANS,VERB,
PASS_PRTC:musota1o2a3,musota1o2a3,ADJ,PASS_PRTC,V_X:{isota1o2a3,{isota1o2a3,VERB,
PASS_PRTC:musota1o2a3,musota1o2a3,ADJ,PASS_PRTC,V_X:{isota1o2a3_INTRANS,{isota1o2a3_INTRANS,VERB,
N_LOC:musota1o2a3,musota1o2a3,NOUN,N_LOC,V_X:{isota1o2a3,{isota1o2a3,VERB,
N_LOC:musota1o2a3,musota1o2a3,NOUN,N_LOC,V_X:{isota1o2a3_INTRANS,{isota1o2a3_INTRANS,VERB,
ADJ:mu1a2~i3,mu1a2~i3,ADJ,DES_ADJ,V_II:1a2~a3_INTRANS,1a2~a3_INTRANS,VERB,
ADJ:mu1a2~i3,mu1a2~i3,ADJ,DES_ADJ,V_II:1a2~a3_INTRANS,1a2~a3,VERB,done
ADJ:mu1A2i3,mu1A2i3,ADJ,DES_ADJ,V_III:1A2a3_INTRANS,1A2a3_INTRANS,VERB,
ADJ:mu1A2i3,mu1A2i3,ADJ,DES_ADJ,V_III:1A2a3_INTRANS,1A2a3,VERB,done
ADJ:mu1o2a3~,mu1o2a3~,ADJ,DES_ADJ,V_IX:{i1o2a3~_INTRANS,{i1o2a3~_INTRANS,VERB,
ADJ:mu1o2a3~,mu1o2a3~,ADJ,DES_ADJ,V_IX:{i1o2a3~_INTRANS,{i1o2a3~,VERB,done
ADJ:mu1o2i3,mu1o2i3,ADJ,DES_ADJ,V_III:1A2a3_INTRANS,1A2a3_INTRANS,VERB,
ADJ:mu1o2i3,mu1o2i3,ADJ,DES_ADJ,V_III:1A2a3_INTRANS,1A2a3,VERB,done
ADJ:mu1ota2i3,mu1ota2i3,ADJ,DES_ADJ,V_IX:{i1o2a3~_INTRANS,{i1o2a3~_INTRANS,VERB,
ADJ:mu1ota2i3,mu1ota2i3,ADJ,DES_ADJ,V_IX:{i1o2a3~_INTRANS,{i1o2a3~,VERB,done
ADJ:muno1a2i3,muno1a2i3,ADJ,DES_ADJ,V_VII:{ino1a2a3_INTRANS,{ino1a2a3_INTRANS,VERB,
ADJ:musota1o2i3,musota1o2i3,ADJ,DES_ADJ,V_X:{isota1o2a3_INTRANS,{isota1o2a3_INTRANS,VERB,
ADJ:musota1o2i3,musota1o2i3,ADJ,DES_ADJ,V_X:{isota1o2a3_INTRANS,{isota1o2a3,VERB,done
ADJ:muta1a2~i3,muta1a2~i3,ADJ,DES_ADJ,V_V:ta1a2~a3_INTRANS,ta1a2~a3_INTRANS,VERB,
ADJ:muta1a2~i3,muta1a2~i3,ADJ,DES_ADJ,V_V:ta1a2~a3_INTRANS,ta1a2~a3,VERB,done
ADJ:muta1A2i3,muta1A2i3,ADJ,DES_ADJ,V_VI:ta1A2a3_INTRANS,ta1A2a3_INTRANS,VERB,
ADJ:muta1A2i3,muta1A2i3,ADJ,DES_ADJ,V_VI:ta1A2a3_INTRANS,ta1A2a3,VERB,done
MASDAR_ART:mu1a2o3i4+iy~ap,mu1a2o3i4+iy~ap,NOUN,MASDAR_ART,QUAD_ACT_PRTC:mu1a2o3i4,mu1a2o3i4,ADJ,
MASDAR_ART:mu1a2o3a4+iy~ap,mu1a2o3a4+iy~ap,NOUN,MASDAR_ART,QUAD_PASS_PRTC:mu1a2o3a4,mu1a2o3a4,ADJ,
MASDAR_ART:1a2o3a4+iy~ap,1a2o3a4+iy~ap,NOUN,MASDAR_ART,QUAD_MASDAR:1a2o3a4+ap,1a2o3a4+ap,NOUN,
MASDAR_ART:muta1a2o3i4+iy~ap,muta1a2o3i4+iy~ap,NOUN,MASDAR_ART,QUAD_ACT_PRTC:muta1a2o3i4,muta1a2o3i4,ADJ,
MASDAR_ART:ta1a2o3u4+iy~ap,ta1a2o3u4+iy~ap,NOUN,MASDAR_ART,QUAD_MASDAR:ta1a2o3u4,ta1a2o3u4,NOUN,
MASDAR_ART:mu1o2a3i4+iy~ap,mu1o2a3i4+iy~ap,NOUN,MASDAR_ART,QUAD_ACT_PRTC:mu1o2a3i4,mu1o2a3i4,ADJ,
MASDAR_ART:{i1o2i3o4A4+iy~ap,{i1o2i3o4A4+iy~ap,NOUN,MASDAR_ART,QUAD_MASDAR:{i1o2i3o4A4,{i1o2i3o4A4,NOUN,
MASDAR_ART:mu1a2~a3+iy~ap,mu1a2~a3+iy~ap,NOUN,MASDAR_ART,MASDAR_M: mu1a2~a3,mu1a2~a3,NOUN,
MASDAR_ART:ta1o2i3+iy~ap,ta1o2i3+iy~ap,NOUN,MASDAR_ART,MASDAR:ta1o2i3+ap,ta1o2i3+ap,NOUN,
MASDAR_ART:ta1o2iy3+iy~ap,ta1o2iy3+iy~ap,NOUN,MASDAR_ART,MASDAR:ta1o2iy3,ta1o2iy3,NOUN,
MASDAR_ART:ti1o2A3+iy~ap,ti1o2A3+iy~ap,NOUN,MASDAR_ART,MASDAR:ti1o2A3,ti1o2A3,NOUN,
MASDAR_ART:mu1a2~a3+iy~ap,mu1a2~a3+iy~ap,NOUN,MASDAR_ART,PASS_PRTC:mu1a2~a3,mu1a2~a3,ADJ,
MASDAR_ART: mu1A2a3+iy~ap,mu1A2a3+iy~ap,NOUN,MASDAR_ART,MASDAR_M: mu1A2a3,mu1A2a3,NOUN,
MASDAR_ART:1i2A3+iy~ap,1i2A3+iy~ap,NOUN,MASDAR_ART,MASDAR:1i2A3,1i2A3,NOUN,
MASDAR_ART:mu1A2a3+iy~ap,mu1A2a3+iy~ap,NOUN,MASDAR_ART,MASDAR:mu1A2a3+ap,mu1A2a3+ap,NOUN,
MASDAR_ART:mu1A2a3+iy~ap,mu1A2a3+iy~ap,NOUN,MASDAR_ART,PASS_PRTC:mu1A2a3,mu1A2a3,ADJ,
MASDAR_ART:mu1a2~i3+iy~ap,mu1a2~i3+iy~ap,NOUN,MASDAR_ART,ACT_PRTC:mu1a2~i3,mu1a2~i3,ADJ,
MASDAR_ART:mu1A2i3+iy~ap,mu1A2i3+iy~ap,NOUN,MASDAR_ART,ACT_PRTC:mu1A2i3,mu1A2i3,ADJ,
MASDAR_ART:mu1o2i3+iy~ap,mu1o2i3+iy~ap,NOUN,MASDAR_ART,ACT_PRTC:mu1o2i3,mu1o2i3,ADJ,
MASDAR_ART: ma12a3+iy~ap,ma12a3+iy~ap,NOUN,MASDAR_ART,MASDAR_M: ma1o2a3,ma12a3,NOUN,
MASDAR_ART:<i1o2A3+iy~ap,<i1o2A3+iy~ap,NOUN,MASDAR_ART,MASDAR:<i1o2A3,<i1o2A3,NOUN,
MASDAR_ART:<i1o2A3+iy~ap,<i1o2A3+iy~ap,NOUN,MASDAR_ART,MASDAR:<i1o2A3+ap,<i1o2A3+ap,NOUN,
MASDAR_ART:mu1o2a3+iy~ap,mu1o2a3+iy~ap,NOUN,MASDAR_ART,PASS_PRTC:mu1o2a3,mu1o2a3,ADJ,
MASDAR_ART:mu1o2a3~+iy~ap,mu1o2a3~+iy~ap,NOUN,MASDAR_ART,ACT_PRTC:mu1o2a3~,mu1o2a3~,ADJ,
MASDAR_ART:mu1o2a3~+iy~ap,mu1o2a3~+iy~ap,NOUN,MASDAR_ART,MASDAR_M:mu1o2a3~,mu1o2a3~,NOUN,
MASDAR_ART:{i1o2i3A3+iy~ap,{i1o2i3A3+iy~ap,NOUN,MASDAR_ART,MASDAR:{i1o2i3A3,{i1o2i3A3,NOUN,
MASDAR_ART:mu1o2a3~+iy~ap,mu1o2a3~+iy~ap,NOUN,MASDAR_ART,PASS_PRTC:mu1o2a3~,mu1o2a3~,ADJ,
MASDAR_ART:muta1a2~i3+iy~ap,muta1a2~i3+iy~ap,NOUN,MASDAR_ART,ACT_PRTC:muta1a2~i3,muta1a2~i3,ADJ,
MASDAR_ART: muta1a2~a3+iy~ap,muta1a2~a3+iy~ap,NOUN,MASDAR_ART,MASDAR_M: muta1a2~a3,muta1a2~a3,NOUN,
MASDAR_ART:ta1a2~u3+iy~ap,ta1a2~u3+iy~ap,NOUN,MASDAR_ART,MASDAR:ta1a2~u3,ta1a2~u3,NOUN,
MASDAR_ART:muta1a2~a3+iy~ap,muta1a2~a3+iy~ap,NOUN,MASDAR_ART,PASS_PRTC:muta1a2~a3,muta1a2~a3,ADJ,
MASDAR_ART:muta1A2i3+iy~ap,muta1A2i3+iy~ap,NOUN,MASDAR_ART,ACT_PRTC:muta1A2i3,muta1A2i3,ADJ,
MASDAR_ART: muta1A2a3+iy~ap,muta1A2a3+iy~ap,NOUN,MASDAR_ART,MASDAR_M: muta1A2a3,muta1A2a3,NOUN,
MASDAR_ART:ta1A2u3+iy~ap,ta1A2u3+iy~ap,NOUN,MASDAR_ART,MASDAR:ta1A2u3,ta1A2u3,NOUN,
MASDAR_ART:muta1a2~a4+iy~ap,muta1a2~a4+iy~ap,NOUN,MASDAR_ART,PASS_PRTC:muta1A2a4,muta1a2~a4,ADJ,
MASDAR_ART:muno1a2i3+iy~ap,muno1a2i3+iy~ap,NOUN,MASDAR_ART,ACT_PRTC:muno1a2i3,muno1a2i3,ADJ,
MASDAR_ART:muno1a2a3+iy~ap,muno1a2a3+iy~ap,NOUN,MASDAR_ART,MASDAR_M: muno1a2a3,muno1a2a3,NOUN,
MASDAR_ART:{ino1i2A3+iy~ap,{ino1i2A3+iy~ap,NOUN,MASDAR_ART,MASDAR:{ino1i2A3,{ino1i2A3,NOUN,
MASDAR_ART:{ino1i2A3+iy~ap,{ino1i2A3+iy~ap,NOUN,MASDAR_ART,MASDAR:{ino1i2A3+ap,{ino1i2A3+ap,NOUN,
MASDAR_ART:muno1a2a3+iy~ap,muno1a2a3+iy~ap,NOUN,MASDAR_ART,PASS_PRTC:muno1a2a3,muno1a2a3,ADJ,
MASDAR_ART:mu1ota2i3+iy~ap,mu1ota2i3+iy~ap,NOUN,MASDAR_ART,ACT_PRTC:mu1ota2i3,mu1ota2i3,ADJ,
MASDAR_ART: mu1ta2a3+iy~ap,mu1ta2a3+iy~ap,NOUN,MASDAR_ART,MASDAR_M: mu1ota2a3,mu1ta2a3,NOUN,
MASDAR_ART:{i1oti2A3+iy~ap,{i1oti2A3+iy~ap,NOUN,MASDAR_ART,MASDAR:{i1oti2A3,{i1oti2A3,NOUN,
MASDAR_ART:mu1ta2a3+iy~ap,mu1ta2a3+iy~ap,NOUN,MASDAR_ART,PASS_PRTC:mu1ota2a3,mu1ta2a3,ADJ,
MASDAR_ART:musota1o2i3+iy~ap,musota1o2i3+iy~ap,NOUN,MASDAR_ART,ACT_PRTC:musota1o2i3,musota1o2i3,ADJ,
MASDAR_ART:musota12a3+iy~ap,musota12a3+iy~ap,NOUN,MASDAR_ART,MASDAR_M:musota12a3,musota12a3,NOUN,
MASDAR_ART:{isoti1o2A3+iy~ap,{isoti1o2A3+iy~ap,NOUN,MASDAR_ART,MASDAR:{isoti1o2A3,{isoti1o2A3,NOUN,
MASDAR_ART:musota1o2a3+iy~ap,musota1o2a3+iy~ap,NOUN,MASDAR_ART,PASS_PRTC:musota1o2a3,musota1o2a3,ADJ,
MASDAR_ART:mu1a2~i3+iy~ap,mu1a2~i3+iy~ap,NOUN,MASDAR_ART,DES_ADJ:mu1a2~i3,mu1a2~i3,ADJ,
MASDAR_ART:mu1A2i3+iy~ap,mu1A2i3+iy~ap,NOUN,MASDAR_ART,DES_ADJ:mu1A2i3,mu1A2i3,ADJ,
MASDAR_ART:mu1o2i3+iy~ap,mu1o2i3+iy~ap,NOUN,MASDAR_ART,DES_ADJ:mu1o2i3,mu1o2i3,ADJ,
MASDAR_ART:mu1o2a3~+iy~ap,mu1o2a3~+iy~ap,NOUN,MASDAR_ART,DES_ADJ:mu1o2a3~,mu1o2a3~,ADJ,
MASDAR_ART:muta1a2~i3+iy~ap,muta1a2~i3+iy~ap,NOUN,MASDAR_ART,DES_ADJ:muta1a2~i3,muta1a2~i3,ADJ,
MASDAR_ART:muta1A2i3+iy~ap,muta1A2i3+iy~ap,NOUN,MASDAR_ART,DES_ADJ:muta1A2i3,muta1A2i3,ADJ,
MASDAR_ART:muno1a2i3+iy~ap,muno1a2i3+iy~ap,NOUN,MASDAR_ART,DES_ADJ:muno1a2i3,muno1a2i3,ADJ,
MASDAR_ART:mu1ota2i3+iy~ap,mu1ota2i3+iy~ap,NOUN,MASDAR_ART,DES_ADJ:mu1ota2i3,mu1ota2i3,ADJ,
MASDAR_ART:musota1o2i3+iy~ap,musota1o2i3+iy~ap,NOUN,MASDAR_ART,DES_ADJ:musota1o2i3,musota1o2i3,ADJ,
MASDAR_ART:1A2i3+iy~ap,1A2i3+iy~ap,NOUN,MASDAR_ART,ACT_PRTC:1A2i3,1A2i3,ADJ,
MASDAR_ART>a1o2a3+iy~ap,>a1o2a3+iy~ap,NOUN,MASDAR_ART,ِADJ_COMP_1,>a1o2a3,ADJ_COMP,
MASDAR_ART>a1o2a3+iy~ap,>a1o2a3+iy~ap,NOUN,MASDAR_ART,ADJ_COMP_2,>a1o2a3,ADJ_COMP,
MASDAR_ART>a1o2a3+iy~ap,>a1o2a3+iy~ap,NOUN,MASDAR_ART,ADJ_COMP_3,>a1o2a3,ADJ_COMP,
MASDAR_ART>a1o2a3+iy~ap,>a1o2a3+iy~ap,NOUN,MASDAR_ART,ADJ_COMP_4,>a1o2a3,ADJ_COMP,
MASDAR_ART>a1o2a3+iy~ap,>a1o2a3+iy~ap,NOUN,MASDAR_ART,ADJ_COMP_5,>a1o2a3,ADJ_COMP,
MASDAR_ART>a1o2a3+iy~ap,>a1o2a3+iy~ap,NOUN,MASDAR_ART,ADJ_COMP_6,>a1o2a3,ADJ_COMP,
MASDAR_ART>a1o2a3+iy~ap,>a1o2a3+iy~ap,NOUN,MASDAR_ART,ADJ_COMP_7,>a1o2a3,ADJ_COMP,
MASDAR_ART>a1o2a3+iy~ap,>a1o2a3+iy~ap,NOUN,MASDAR_ART,ADJ_COMP_8,>a1o2a3,ADJ_COMP,
MASDAR_ART>a1o2a3+iy~ap,>a1o2a3+iy~ap,NOUN,MASDAR_ART,ADJ_COMP_9,>a1o2a3,ADJ_COMP,
MASDAR_ART:1a2o3Aw+iy~ap,1a2o3Aw+iy~ap,NOUN,MASDAR_ART,ADJ_F:1a23A',1a2o3A',ADJ,
MASDAR_ART:1a2o3+iy~ap,1a2o3+iy~ap,NOUN,MASDAR_ART,ADJ_F:1a2O3aY,1a2o3aY,ADJ,
MASDAR_ART:>a1o2a3+iy~ap,>a1o2a3+iy~ap,NOUN,MASDAR_ART,ADJ_M:>a12a3,>a1o2a3,ADJ,
MASDAR_ART:1a2o3An+iy~ap,1a2o3An+iy~ap,NOUN,MASDAR_ART,ADJ_M:1a23An,1a2o3An,ADJ,
MASDAR_ART:1a2~i3+iy~ap,1a2~i3+iy~ap,NOUN,MASDAR_ART,DES_ADJ:1a2~i3,1a2~i3,ADJ,
MASDAR_ART:1a2o3+iy~ap,1a2o3+iy~ap,NOUN,MASDAR_ART,DES_ADJ:1a2o3,1a2o3,ADJ,
MASDAR_ART:1a2a3+iy~ap,1a2a3+iy~ap,NOUN,MASDAR_ART,DES_ADJ:1a2a3,1a2a3,ADJ,
MASDAR_ART:1a2A3+iy~ap,1a2A3+iy~ap,NOUN,MASDAR_ART,DES_ADJ:1a2A3,1a2A3,ADJ,
MASDAR_ART:1A2i3+iy~ap,1A2i3+iy~ap,NOUN,MASDAR_ART,DES_ADJ:1A2i3,1A2i3,ADJ,
MASDAR_ART:1a2a3+iy~ap,1a2a3+iy~ap,NOUN,MASDAR_ART,DES_ADJ:1a2i3,1a2i3,ADJ,
MASDAR_ART:1a2iy3+iy~ap,1a2iy3+iy~ap,NOUN,MASDAR_ART,DES_ADJ:1a2iy3,1a2iy3,ADJ,
MASDAR_ART:1a2uw3+iy~ap,1a2uw3+iy~ap,NOUN,MASDAR_ART,DES_ADJ:1a2uw3,1a2uw3,ADJ,
MASDAR_ART:1u2A3+iy~ap,1u2A3+iy~ap,NOUN,MASDAR_ART,DES_ADJ:1u2A3,1u2A3,ADJ,
MASDAR_ART:1u2o3+iy~ap,1u2o3+iy~ap,NOUN,MASDAR_ART,DES_ADJ:1u2o3,1u2o3,ADJ,
MASDAR_ART:1u2o3An+iy~ap,1u2o3An+iy~ap,NOUN,MASDAR_ART,DES_ADJ:1u2o3An,1u2o3An,ADJ,
MASDAR_ART:1u2u3+iy~ap,1u2u3+iy~ap,NOUN,MASDAR_ART,DES_ADJ:1u2u3,1u2u3,ADJ,
MASDAR_ART:ma1o2uw3+iy~ap,ma1o2uw3+iy~ap,NOUN,MASDAR_ART,DES_ADJ:ma1o2uw3,ma1o2uw3,ADJ,
MASDAR_ART:ma1A3 +iy~ap,ma1A3 +iy~ap,NOUN,MASDAR_ART,MASDAR_M:ma1A3,ma1A3,NOUN,
MASDAR_ART:ma1a3o3+iy~ap,ma1a3o3+iy~ap,NOUN,MASDAR_ART,MASDAR_M:ma1a3o3+ap,ma1a3o3+ap,NOUN,
MASDAR_ART:ma1iy3+iy~ap,ma1iy3+iy~ap,NOUN,MASDAR_ART,MASDAR_M:ma1iy3,ma1iy3,NOUN,
MASDAR_ART:ma1o2a3+iy~ap,ma1o2a3+iy~ap,NOUN,MASDAR_ART,MASDAR_M:ma1o2a3,ma1o2a3,NOUN,
MASDAR_ART:ma1o2i3+iy~ap,ma1o2i3+iy~ap,NOUN,MASDAR_ART,MASDAR_M:ma1o2i3+ap,ma1o2i3+ap,NOUN,
MASDAR_ART:1a2a3+iy~ap,1a2a3+iy~ap,NOUN,MASDAR_ART,MASDAR:1a2a3,1a2a3,NOUN,
MASDAR_ART:1a2A3+iy~ap,1a2A3+iy~ap,NOUN,MASDAR_ART,MASDAR:1a2A3,1a2A3,NOUN,
MASDAR_ART:1i2A3+iy~ap,1i2A3+iy~ap,NOUN,MASDAR_ART,MASDAR:1i2A3,1i2A3,NOUN,
MASDAR_ART:1a2a3+iy~ap,1a2a3+iy~ap,NOUN,MASDAR_ART,MASDAR:1a2a3+ap,1a2a3+ap,NOUN,
MASDAR_ART:1a2A3+iy~ap,1a2A3+iy~ap,NOUN,MASDAR_ART,MASDAR:1a2A3+ap,1a2A3+ap,NOUN,
MASDAR_ART:1a2a3An+iy~ap,1a2a3An+iy~ap,NOUN,MASDAR_ART,MASDAR:1a2a3An,1a2a3An,NOUN,
MASDAR_ART:1a2iy3+iy~ap,1a2iy3+iy~ap,NOUN,MASDAR_ART,MASDAR:1a2iy3,1a2iy3,NOUN,
MASDAR_ART:1a2iy3+iy~ap,1a2iy3+iy~ap,NOUN,MASDAR_ART,MASDAR:1a2iy3+ap,1a2iy3+ap,NOUN,
MASDAR_ART:1a2o3+iy~ap,1a2o3+iy~ap,NOUN,MASDAR_ART,MASDAR:1a2o3,1a2o3,NOUN,
MASDAR_ART:1a2o3+iy~ap,1a2o3+iy~ap,NOUN,MASDAR_ART,MASDAR:1a2o3+ap,1a2o3+ap,NOUN,
MASDAR_ART:1a2o3+iy~ap,1a2o3+iy~ap,NOUN,MASDAR_ART,MASDAR:1a2o3aY,1a2o3aY,NOUN,
MASDAR_ART:1a2uw3+iy~ap,1a2uw3+iy~ap,NOUN,MASDAR_ART,MASDAR:1a2uw3,1a2uw3,NOUN,
MASDAR_ART:1i2A3+iy~ap,1i2A3+iy~ap,NOUN,MASDAR_ART,MASDAR:1i2A3+ap,1i2A3+ap,NOUN,
MASDAR_ART:1i2o3+iy~ap,1i2o3+iy~ap,NOUN,MASDAR_ART,MASDAR:1i2o3,1i2o3,NOUN,
MASDAR_ART:1i2o3+iy~ap,1i2o3+iy~ap,NOUN,MASDAR_ART,MASDAR:1i2o3+ap,1i2o3+ap,NOUN,
MASDAR_ART:1i2o3An+iy~ap,1i2o3An+iy~ap,NOUN,MASDAR_ART,MASDAR:1i2o3An,1i2o3An,NOUN,
MASDAR_ART:1u2A3+iy~ap,1u2A3+iy~ap,NOUN,MASDAR_ART,MASDAR:1u2A3,1u2A3,NOUN,
MASDAR_ART:1u2o3+iy~ap,1u2o3+iy~ap,NOUN,MASDAR_ART,MASDAR:1u2o3,1u2o3,NOUN,
MASDAR_ART:1u2o3+iy~ap,1u2o3+iy~ap,NOUN,MASDAR_ART,MASDAR:1u2o3+ap,1u2o3+ap,NOUN,
MASDAR_ART:1u2o3An+iy~ap,1u2o3An+iy~ap,NOUN,MASDAR_ART,MASDAR:1u2o3An,1u2o3An,NOUN,
MASDAR_ART:1u2uw3+iy~ap,1u2uw3+iy~ap,NOUN,MASDAR_ART,MASDAR:1u2uw3,1u2uw3,NOUN,
MASDAR_ART:1u2uw3+iy~ap,1u2uw3+iy~ap,NOUN,MASDAR_ART,MASDAR:1u2uw3+ap,1u2uw3+ap,NOUN,
MASDAR_ART: 1a2a3+iy~ap,1a2a3+iy~ap,NOUN,MASDAR_ART,N_EXAG: 1a2i3,1a2i3,ADJ,
MASDAR_ART: 1a2uw3+iy~ap,1a2uw3+iy~ap,NOUN,MASDAR_ART,N_EXAG: 1a2uw3,1a2uw3,ADJ,
MASDAR_ART: mi1o2A3+iy~ap,mi1o2A3+iy~ap,NOUN,MASDAR_ART,N_EXAG: mi1o2A3,mi1o2A3,ADJ,
MASDAR_ART:1a2~A3+iy~ap,1a2~A3+iy~ap,NOUN,MASDAR_ART,N_EXAG:1a2~A3,1a2~A3,ADJ,
MASDAR_ART:1a2iy3+iy~ap,1a2iy3+iy~ap,NOUN,MASDAR_ART,N_EXAG:1a2iy3,1a2iy3,ADJ,
MASDAR_ART:1a2o3+iy~ap,1a2o3+iy~ap,NOUN,MASDAR_ART,N_INST:1a2o3+ap,1a2o3+ap,NOUN,
MASDAR_ART:1a2~A3+iy~ap,1a2~A3+iy~ap,NOUN,MASDAR_ART,N_INSTR:1a2~A3+ap,1a2~A3+ap,NOUN,
MASDAR_ART:mi1o2A3+iy~ap,mi1o2A3+iy~ap,NOUN,MASDAR_ART,N_INSTR:mi1o2A3,mi1o2A3,NOUN,
MASDAR_ART:mi1o2a3+iy~ap,mi1o2a3+iy~ap,NOUN,MASDAR_ART,N_INSTR:mi1o2a3,mi1o2a3,NOUN,
MASDAR_ART:mi1o2a3+iy~ap,mi1o2a3+iy~ap,NOUN,MASDAR_ART,N_INSTR:mi1o2a3+ap,mi1o2a3+ap,NOUN,
MASDAR_ART:ma1o2a3+iy~ap,ma1o2a3+iy~ap,NOUN,MASDAR_ART,N_LOC:ma1o2a3,ma1o2a3,NOUN,
MASDAR_ART:ma1o2a3+iy~ap,ma1o2a3+iy~ap,NOUN,MASDAR_ART,N_LOC:ma1o2a3+ap,ma1o2a3+ap,NOUN,
MASDAR_ART:ma1o2i3+iy~ap,ma1o2i3+iy~ap,NOUN,MASDAR_ART,N_LOC:ma1o2i3,ma1o2i3,NOUN,
MASDAR_ART:ma1o2i3+iy~ap,ma1o2i3+iy~ap,NOUN,MASDAR_ART,N_LOC:ma1o2i3+ap,ma1o2i3+ap,NOUN,
MASDAR_ART:ma1o2uw3+iy~ap,ma1o2uw3+iy~ap,NOUN,MASDAR_ART,PASS_PRTC:ma1o2uw3,ma1o2uw3,ADJ,
ATTR:1a2o3a4+iy~,1a2o3a4+iy~,ADJ,ATTR_ADJ,QUAD_MASDAR:1a2o3a4+ap,1a2o3a4+ap,NOUN,
ATTR:ta1a2o3u4+iy~,ta1a2o3u4+iy~,ADJ,ATTR_ADJ,QUAD_MASDAR:ta1a2o3u4,ta1a2o3u4,NOUN,
ATTR:{i1o2i3o4A4+iy~,{i1o2i3o4A4+iy~,ADJ,ATTR_ADJ,QUAD_MASDAR:{i1o2i3o4A4,{i1o2i3o4A4,NOUN,
ATTR:mu1a2~a3+iy~,mu1a2~a3+iy~,ADJ,ATTR_ADJ,MASDAR_M: mu1a2~a3,mu1a2~a3,NOUN,
ATTR:ta1o2i3+iy~,ta1o2i3+iy~,ADJ,ATTR_ADJ,MASDAR:ta1o2i3+ap,ta1o2i3+ap,NOUN,
ATTR:ta1o2iy3+iy~,ta1o2iy3+iy~,ADJ,ATTR_ADJ,MASDAR:ta1o2iy3,ta1o2iy3,NOUN,
ATTR:ti1o2A3+iy~,ti1o2A3+iy~,ADJ,ATTR_ADJ,MASDAR:ti1o2A3,ti1o2A3,NOUN,
ATTR: mu1A2a3+iy~,mu1A2a3+iy~,ADJ,ATTR_ADJ,MASDAR_M: mu1A2a3,mu1A2a3,NOUN,
ATTR:1i2A3+iy~,1i2A3+iy~,ADJ,ATTR_ADJ,MASDAR:1i2A3,1i2A3,NOUN,
ATTR:mu1A2a3+iy~,mu1A2a3+iy~,ADJ,ATTR_ADJ,MASDAR:mu1A2a3+ap,mu1A2a3+ap,NOUN,
ATTR: ma12a3+iy~,ma12a3+iy~,ADJ,ATTR_ADJ,MASDAR_M: ma1o2a3,ma12a3,NOUN,
ATTR:<i1o2A3+iy~,<i1o2A3+iy~,ADJ,ATTR_ADJ,MASDAR:<i1o2A3,<i1o2A3,NOUN,
ATTR:<i1o2A3+iy~,<i1o2A3+iy~,ADJ,ATTR_ADJ,MASDAR:<i1o2A3+ap,<i1o2A3+ap,NOUN,
ATTR:mu1o2a3~+iy~,mu1o2a3~+iy~,ADJ,ATTR_ADJ,MASDAR_M:mu1o2a3~,mu1o2a3~,NOUN,
ATTR:{i1o2i3A3+iy~,{i1o2i3A3+iy~,ADJ,ATTR_ADJ,MASDAR:{i1o2i3A3,{i1o2i3A3,NOUN,
ATTR: muta1a2~a3+iy~,muta1a2~a3+iy~,ADJ,ATTR_ADJ,MASDAR_M: muta1a2~a3,muta1a2~a3,NOUN,
ATTR:ta1a2~u3+iy~,ta1a2~u3+iy~,ADJ,ATTR_ADJ,MASDAR:ta1a2~u3,ta1a2~u3,NOUN,
ATTR: muta1A2a3+iy~,muta1A2a3+iy~,ADJ,ATTR_ADJ,MASDAR_M: muta1A2a3,muta1A2a3,NOUN,
ATTR:ta1A2u3+iy~,ta1A2u3+iy~,ADJ,ATTR_ADJ,MASDAR:ta1A2u3,ta1A2u3,NOUN,
ATTR:muno1a2a3+iy~,muno1a2a3+iy~,ADJ,ATTR_ADJ,MASDAR_M: muno1a2a3,muno1a2a3,NOUN,
ATTR:{ino1i2A3+iy~,{ino1i2A3+iy~,ADJ,ATTR_ADJ,MASDAR:{ino1i2A3,{ino1i2A3,NOUN,
ATTR:{ino1i2A3+iy~,{ino1i2A3+iy~,ADJ,ATTR_ADJ,MASDAR:{ino1i2A3+ap,{ino1i2A3+ap,NOUN,
ATTR: mu1ta2a3+iy~,mu1ta2a3+iy~,ADJ,ATTR_ADJ,MASDAR_M: mu1ota2a3,mu1ta2a3,NOUN,
ATTR:{i1oti2A3+iy~,{i1oti2A3+iy~,ADJ,ATTR_ADJ,MASDAR:{i1oti2A3,{i1oti2A3,NOUN,
ATTR:musota12a3+iy~,musota12a3+iy~,ADJ,ATTR_ADJ,MASDAR_M:musota12a3,musota12a3,NOUN,
ATTR:{isoti1o2A3+iy~,{isoti1o2A3+iy~,ADJ,ATTR_ADJ,MASDAR:{isoti1o2A3,{isoti1o2A3,NOUN,
ATTR:ma1A3 +iy~,ma1A3 +iy~,ADJ,ATTR_ADJ,MASDAR_M:ma1A3,ma1A3,NOUN,
ATTR:ma1a3o3+iy~,ma1a3o3+iy~,ADJ,ATTR_ADJ,MASDAR_M:ma1a3o3+ap,ma1a3o3+ap,NOUN,
ATTR:ma1iy3+iy~,ma1iy3+iy~,ADJ,ATTR_ADJ,MASDAR_M:ma1iy3,ma1iy3,NOUN,
ATTR:ma1o2a3+iy~,ma1o2a3+iy~,ADJ,ATTR_ADJ,MASDAR_M:ma1o2a3,ma1o2a3,NOUN,
ATTR:ma1o2i3+iy~,ma1o2i3+iy~,ADJ,ATTR_ADJ,MASDAR_M:ma1o2i3+ap,ma1o2i3+ap,NOUN,
ATTR:1a2a3+iy~,1a2a3+iy~,ADJ,ATTR_ADJ,MASDAR:1a2a3,1a2a3,NOUN,
ATTR:1a2A3+iy~,1a2A3+iy~,ADJ,ATTR_ADJ,MASDAR:1a2A3,1a2A3,NOUN,
ATTR:1i2A3+iy~,1i2A3+iy~,ADJ,ATTR_ADJ,MASDAR:1i2A3,1i2A3,NOUN,
ATTR:1a2a3+iy~,1a2a3+iy~,ADJ,ATTR_ADJ,MASDAR:1a2a3+ap,1a2a3+ap,NOUN,
ATTR:1a2A3+iy~,1a2A3+iy~,ADJ,ATTR_ADJ,MASDAR:1a2A3+ap,1a2A3+ap,NOUN,
ATTR:1a2a3An+iy~,1a2a3An+iy~,ADJ,ATTR_ADJ,MASDAR:1a2a3An,1a2a3An,NOUN,
ATTR:1a2iy3+iy~,1a2iy3+iy~,ADJ,ATTR_ADJ,MASDAR:1a2iy3,1a2iy3,NOUN,
ATTR:1a2iy3+iy~,1a2iy3+iy~,ADJ,ATTR_ADJ,MASDAR:1a2iy3+ap,1a2iy3+ap,NOUN,
ATTR:1a2o3+iy~,1a2o3+iy~,ADJ,ATTR_ADJ,MASDAR:1a2o3,1a2o3,NOUN,
ATTR:1a2o3+iy~,1a2o3+iy~,ADJ,ATTR_ADJ,MASDAR:1a2o3+ap,1a2o3+ap,NOUN,
ATTR:1a2o3+iy~,1a2o3+iy~,ADJ,ATTR_ADJ,MASDAR:1a2o3aY,1a2o3aY,NOUN,
ATTR:1a2uw3+iy~,1a2uw3+iy~,ADJ,ATTR_ADJ,MASDAR:1a2uw3,1a2uw3,NOUN,
ATTR:1i2A3+iy~,1i2A3+iy~,ADJ,ATTR_ADJ,MASDAR:1i2A3+ap,1i2A3+ap,NOUN,
ATTR:1i2o3+iy~,1i2o3+iy~,ADJ,ATTR_ADJ,MASDAR:1i2o3,1i2o3,NOUN,
ATTR:1i2o3+iy~,1i2o3+iy~,ADJ,ATTR_ADJ,MASDAR:1i2o3+ap,1i2o3+ap,NOUN,
ATTR:1i2o3An+iy~,1i2o3An+iy~,ADJ,ATTR_ADJ,MASDAR:1i2o3An,1i2o3An,NOUN,
ATTR:1u2A3+iy~,1u2A3+iy~,ADJ,ATTR_ADJ,MASDAR:1u2A3,1u2A3,NOUN,
ATTR:1u2o3+iy~,1u2o3+iy~,ADJ,ATTR_ADJ,MASDAR:1u2o3,1u2o3,NOUN,
ATTR:1u2o3+iy~,1u2o3+iy~,ADJ,ATTR_ADJ,MASDAR:1u2o3+ap,1u2o3+ap,NOUN,
ATTR:1u2o3An+iy~,1u2o3An+iy~,ADJ,ATTR_ADJ,MASDAR:1u2o3An,1u2o3An,NOUN,
ATTR:1u2uw3+iy~,1u2uw3+iy~,ADJ,ATTR_ADJ,MASDAR:1u2uw3,1u2uw3,NOUN,
ATTR:1u2uw3+iy~,1u2uw3+iy~,ADJ,ATTR_ADJ,MASDAR:1u2uw3+ap,1u2uw3+ap,NOUN,
ATTR:1a2o3+iy~,1a2o3+iy~,ADJ,ATTR_ADJ,N_INST:1a2o3+ap,1a2o3+ap,NOUN,
ATTR:1a2~A3+iy~,1a2~A3+iy~,ADJ,ATTR_ADJ,N_INSTR:1a2~A3+ap,1a2~A3+ap,NOUN,
ATTR:mi1o2A3+iy~,mi1o2A3+iy~,ADJ,ATTR_ADJ,N_INSTR:mi1o2A3,mi1o2A3,NOUN,
ATTR:mi1o2a3+iy~,mi1o2a3+iy~,ADJ,ATTR_ADJ,N_INSTR:mi1o2a3,mi1o2a3,NOUN,
ATTR:mi1o2a3+iy~,mi1o2a3+iy~,ADJ,ATTR_ADJ,N_INSTR:mi1o2a3+ap,mi1o2a3+ap,NOUN,
ATTR:ma1o2a3+iy~,ma1o2a3+iy~,ADJ,ATTR_ADJ,N_LOC:ma1o2a3,ma1o2a3,NOUN,
ATTR:ma1o2a3+iy~,ma1o2a3+iy~,ADJ,ATTR_ADJ,N_LOC:ma1o2a3+ap,ma1o2a3+ap,NOUN,
ATTR:ma1o2i3+iy~,ma1o2i3+iy~,ADJ,ATTR_ADJ,N_LOC:ma1o2i3,ma1o2i3,NOUN,
ATTR:ma1o2i3+iy~,ma1o2i3+iy~,ADJ,ATTR_ADJ,N_LOC:ma1o2i3+ap,ma1o2i3+ap,NOUN,
SEM_SPECS:1A2i3,1A2i3,NOUN,SEM_SPECS,ACT_PRTC:1A2i3,1A2i3,ADJ,
SEM_SPECS:1A2i3,1A2i3,NOUN,SEM_SPECS,ACT_PRTC:1A2i3,1A2i3,ADJ,
ِSEM_SPECS:_1,>a1o2a3,NOUN,SEM_SPECS,ِADJ_COMP_1,>a1o2a3,ADJ_COMP,
SEM_SPECS:_2,>a1o2a3,NOUN,SEM_SPECS,ADJ_COMP_2,>a1o2a3,ADJ_COMP,
SEM_SPECS:_3,>a1o2a3,NOUN,SEM_SPECS,ADJ_COMP_3,>a1o2a3,ADJ_COMP,
SEM_SPECS:_4,>a1o2a3,NOUN,SEM_SPECS,ADJ_COMP_4,>a1o2a3,ADJ_COMP,
SEM_SPECS:_5,>a1o2a3,NOUN,SEM_SPECS,ADJ_COMP_5,>a1o2a3,ADJ_COMP,
SEM_SPECS:_6,>a1o2a3,NOUN,SEM_SPECS,ADJ_COMP_6,>a1o2a3,ADJ_COMP,
SEM_SPECS:_7,>a1o2a3,NOUN,SEM_SPECS,ADJ_COMP_7,>a1o2a3,ADJ_COMP,
SEM_SPECS:_8,>a1o2a3,NOUN,SEM_SPECS,ADJ_COMP_8,>a1o2a3,ADJ_COMP,
SEM_SPECS:_9,>a1o2a3,NOUN,SEM_SPECS,ADJ_COMP_9,>a1o2a3,ADJ_COMP,
SEM_SPECS:1a23A',1a2o3A',NOUN,SEM_SPECS,ADJ_F:1a23A',1a2o3A',ADJ,
SEM_SPECS:1a2o3aY,1a2o3aY,NOUN,SEM_SPECS,ADJ_F:1a2O3aY,1a2o3aY,ADJ,
SEM_SPECS:>a12a3,>a1o2a3,NOUN,SEM_SPECS,ADJ_M:>a12a3,>a1o2a3,ADJ,
SEM_SPECS:1a23An,1a2o3An,NOUN,SEM_SPECS,ADJ_M:1a23An,1a2o3An,ADJ,
SEM_SPECS:1a2~i3,1a2~i3,NOUN,SEM_SPECS,DES_ADJ:1a2~i3,1a2~i3,ADJ,
SEM_SPECS:1a23,1a2o3,NOUN,SEM_SPECS,DES_ADJ:1a2o3,1a2o3,ADJ,
SEM_SPECS:1a2a3,1a2a3,NOUN,SEM_SPECS,DES_ADJ:1a2a3,1a2a3,ADJ,
SEM_SPECS:1a2A3,1a2A3,NOUN,SEM_SPECS,DES_ADJ:1a2A3,1a2A3,ADJ,
SEM_SPECS:1A2i3,1A2i3,NOUN,SEM_SPECS,DES_ADJ:1A2i3,1A2i3,ADJ,
SEM_SPECS:1a2i3,1a2i3,NOUN,SEM_SPECS,DES_ADJ:1a2i3,1a2i3,ADJ,
SEM_SPECS:1a2iy3,1a2iy3,NOUN,SEM_SPECS,DES_ADJ:1a2iy3,1a2iy3,ADJ,
SEM_SPECS:1a2uw3,1a2uw3,NOUN,SEM_SPECS,DES_ADJ:1a2uw3,1a2uw3,ADJ,
SEM_SPECS:1u2A3,1u2A3,NOUN,SEM_SPECS,DES_ADJ:1u2A3,1u2A3,ADJ,
SEM_SPECS:1u2o3,1u2o3,NOUN,SEM_SPECS,DES_ADJ:1u2o3,1u2o3,ADJ,
SEM_SPECS:1u2o3An,1u2o3An,NOUN,SEM_SPECS,DES_ADJ:1u2o3An,1u2o3An,ADJ,
SEM_SPECS:1u2u3,1u2u3,NOUN,SEM_SPECS,DES_ADJ:1u2u3,1u2u3,ADJ,
SEM_SPECS:ma1o2uw3,ma1o2uw3,NOUN,SEM_SPECS,DES_ADJ:ma1o2uw3,ma1o2uw3,ADJ,
SEM_SPECS: 1a2i3,1a2i3,NOUN,SEM_SPECS,N_EXAG: 1a2i3,1a2i3,ADJ,
SEM_SPECS: 1a2uw3,1a2uw3,NOUN,SEM_SPECS,N_EXAG: 1a2uw3,1a2uw3,ADJ,
SEM_SPECS: mi1o2A3,mi1o2A3,NOUN,SEM_SPECS,N_EXAG: mi1o2A3,mi1o2A3,ADJ,
SEM_SPECS:1a2~A3,1a2~A3,NOUN,SEM_SPECS,N_EXAG:1a2~A3,1a2~A3,ADJ,
SEM_SPECS:1a2iy3,1a2iy3,NOUN,SEM_SPECS,N_EXAG:1a2iy3,1a2iy3,ADJ,
SEM_SPECS:ma1o2uw3,ma1o2uw3,NOUN,SEM_SPECS,PASS_PRTC:ma1o2uw3,ma1o2uw3,ADJ,
SEM_SPECS:mu1a2o3i4,mu1a2o3i4,NOUN,SEM_SPECS,QUAD_ACT_PRTC:mu1a2o3i4,mu1a2o3i4,ADJ,
SEM_SPECS:mu1a2o3a4,mu1a2o3a4,NOUN,SEM_SPECS,QUAD_PASS_PRTC:mu1a2o3a4,mu1a2o3a4,ADJ,
SEM_SPECS:mu1a2o3i4,mu1a2o3i4,NOUN,SEM_SPECS,QUAD_ACT_PRTC:mu1a2o3i4,mu1a2o3i4,ADJ,
SEM_SPECS:muta1a2o3i4,muta1a2o3i4,NOUN,SEM_SPECS,QUAD_ACT_PRTC:muta1a2o3i4,muta1a2o3i4,ADJ,
SEM_SPECS:mu1o2a3i4,mu1o2a3i4,NOUN,SEM_SPECS,QUAD_ACT_PRTC:mu1o2a3i4,mu1o2a3i4,ADJ,
SEM_SPECS:mu1a2~a3,mu1a2~a3,NOUN,SEM_SPECS,PASS_PRTC:mu1a2~a3,mu1a2~a3,ADJ,
SEM_SPECS:mu1A2a3,mu1A2a3,NOUN,SEM_SPECS,PASS_PRTC:mu1A2a3,mu1A2a3,ADJ,
SEM_SPECS:mu1a2~i3,mu1a2~i3,NOUN,SEM_SPECS,ACT_PRTC:mu1a2~i3,mu1a2~i3,ADJ,
SEM_SPECS:mu1A2i3,mu1A2i3,NOUN,SEM_SPECS,ACT_PRTC:mu1A2i3,mu1A2i3,ADJ,
SEM_SPECS:mu1a2~i3,mu1a2~i3,NOUN,SEM_SPECS,ACT_PRTC:mu1a2~i3,mu1a2~i3,ADJ,
SEM_SPECS:mu1A2i3,mu1A2i3,NOUN,SEM_SPECS,ACT_PRTC:mu1A2i3,mu1A2i3,ADJ,
SEM_SPECS:mu1o2i3,mu1o2i3,NOUN,SEM_SPECS,ACT_PRTC:mu1o2i3,mu1o2i3,ADJ,
SEM_SPECS:mu1o2a3,mu1o2a3,NOUN,SEM_SPECS,PASS_PRTC:mu1o2a3,mu1o2a3,ADJ,
SEM_SPECS:mu1o2a3~,mu1o2a3~,NOUN,SEM_SPECS,ACT_PRTC:mu1o2a3~,mu1o2a3~,ADJ,
SEM_SPECS:mu1o2a3~,mu1o2a3~,NOUN,SEM_SPECS,PASS_PRTC:mu1o2a3~,mu1o2a3~,ADJ,
SEM_SPECS:muta1a2~i3,muta1a2~i3,NOUN,SEM_SPECS,ACT_PRTC:muta1a2~i3,muta1a2~i3,ADJ,
SEM_SPECS:muta1a2~a3,muta1a2~a3,NOUN,SEM_SPECS,PASS_PRTC:muta1a2~a3,muta1a2~a3,ADJ,
SEM_SPECS:muta1A2i3,muta1A2i3,NOUN,SEM_SPECS,ACT_PRTC:muta1A2i3,muta1A2i3,ADJ,
SEM_SPECS:muta1A2a4,muta1a2~a4,NOUN,SEM_SPECS,PASS_PRTC:muta1A2a4,muta1a2~a4,ADJ,
SEM_SPECS:muno1a2i3,muno1a2i3,NOUN,SEM_SPECS,ACT_PRTC:muno1a2i3,muno1a2i3,ADJ,
SEM_SPECS:muno1a2a3,muno1a2a3,NOUN,SEM_SPECS,PASS_PRTC:muno1a2a3,muno1a2a3,ADJ,
SEM_SPECS:mu1ota2i3,mu1ota2i3,NOUN,SEM_SPECS,ACT_PRTC:mu1ota2i3,mu1ota2i3,ADJ,
SEM_SPECS:mu1ota2a3,mu1ta2a3,NOUN,SEM_SPECS,PASS_PRTC:mu1ota2a3,mu1ta2a3,ADJ,
SEM_SPECS:musota1o2i3,musota1o2i3,NOUN,SEM_SPECS,ACT_PRTC:musota1o2i3,musota1o2i3,ADJ,
SEM_SPECS:musota1o2i3,musota1o2i3,NOUN,SEM_SPECS,ACT_PRTC:musota1o2i3,musota1o2i3,ADJ,
SEM_SPECS:musota1o2a3,musota1o2a3,NOUN,SEM_SPECS,PASS_PRTC:musota1o2a3,musota1o2a3,ADJ,
SEM_SPECS:mu1a2~i3,mu1a2~i3,NOUN,SEM_SPECS,DES_ADJ:mu1a2~i3,mu1a2~i3,ADJ,
SEM_SPECS:mu1A2i3,mu1A2i3,NOUN,SEM_SPECS,DES_ADJ:mu1A2i3,mu1A2i3,ADJ,
SEM_SPECS:mu1o2i3,mu1o2i3,NOUN,SEM_SPECS,DES_ADJ:mu1o2i3,mu1o2i3,ADJ,
SEM_SPECS:mu1o2a3~,mu1o2a3~,NOUN,SEM_SPECS,DES_ADJ:mu1o2a3~,mu1o2a3~,ADJ,
SEM_SPECS:muta1a2~i3,muta1a2~i3,NOUN,SEM_SPECS,DES_ADJ:muta1a2~i3,muta1a2~i3,ADJ,
SEM_SPECS:muta1A2i3,muta1A2i3,NOUN,SEM_SPECS,DES_ADJ:muta1A2i3,muta1A2i3,ADJ,
SEM_SPECS:muno1a2i3,muno1a2i3,NOUN,SEM_SPECS,DES_ADJ:muno1a2i3,muno1a2i3,ADJ,
SEM_SPECS:mu1ota2i3,mu1ota2i3,NOUN,SEM_SPECS,DES_ADJ:mu1ota2i3,mu1ota2i3,ADJ,
SEM_SPECS:musota1o2i3,musota1o2i3,NOUN,SEM_SPECS,DES_ADJ:musota1o2i3,musota1o2i3,ADJ,
SEM_SPECS:1a2o3a4+iy~,1a2o3a4+iy~,NOUN,SEM_SPECS,ATTR:1a2o3a4+iy~,1a2o3a4+iy~,ADJ,
SEM_SPECS:ta1a2o3u4+iy~,ta1a2o3u4+iy~,NOUN,SEM_SPECS,ATTR:ta1a2o3u4+iy~,ta1a2o3u4+iy~,ADJ,
SEM_SPECS:{i1o2i3o4A4+iy~,{i1o2i3o4A4+iy~,NOUN,SEM_SPECS,ATTR:{i1o2i3o4A4+iy~,{i1o2i3o4A4+iy~,ADJ,
SEM_SPECS:mu1a2~a3+iy~,mu1a2~a3+iy~,NOUN,SEM_SPECS,ATTR:mu1a2~a3+iy~,mu1a2~a3+iy~,ADJ,
SEM_SPECS:ta1o2i3+iy~,ta1o2i3+iy~,NOUN,SEM_SPECS,ATTR:ta1o2i3+iy~,ta1o2i3+iy~,ADJ,
SEM_SPECS:ta1o2iy3+iy~,ta1o2iy3+iy~,NOUN,SEM_SPECS,ATTR:ta1o2iy3+iy~,ta1o2iy3+iy~,ADJ,
SEM_SPECS:ti1o2A3+iy~,ti1o2A3+iy~,NOUN,SEM_SPECS,ATTR:ti1o2A3+iy~,ti1o2A3+iy~,ADJ,
SEM_SPECS: mu1A2a3+iy~,mu1A2a3+iy~,NOUN,SEM_SPECS,ATTR: mu1A2a3+iy~,mu1A2a3+iy~,ADJ,
SEM_SPECS:1i2A3+iy~,1i2A3+iy~,NOUN,SEM_SPECS,ATTR:1i2A3+iy~,1i2A3+iy~,ADJ,
SEM_SPECS:mu1A2a3+iy~,mu1A2a3+iy~,NOUN,SEM_SPECS,ATTR:mu1A2a3+iy~,mu1A2a3+iy~,ADJ,
SEM_SPECS: ma12a3+iy~,ma12a3+iy~,NOUN,SEM_SPECS,ATTR: ma12a3+iy~,ma12a3+iy~,ADJ,
SEM_SPECS:<i1o2A3+iy~,<i1o2A3+iy~,NOUN,SEM_SPECS,ATTR:<i1o2A3+iy~,<i1o2A3+iy~,ADJ,
SEM_SPECS:<i1o2A3+iy~,<i1o2A3+iy~,NOUN,SEM_SPECS,ATTR:<i1o2A3+iy~,<i1o2A3+iy~,ADJ,
SEM_SPECS:mu1o2a3~+iy~,mu1o2a3~+iy~,NOUN,SEM_SPECS,ATTR:mu1o2a3~+iy~,mu1o2a3~+iy~,ADJ,
SEM_SPECS:{i1o2i3A3+iy~,{i1o2i3A3+iy~,NOUN,SEM_SPECS,ATTR:{i1o2i3A3+iy~,{i1o2i3A3+iy~,ADJ,
SEM_SPECS: muta1a2~a3+iy~,muta1a2~a3+iy~,NOUN,SEM_SPECS,ATTR: muta1a2~a3+iy~,muta1a2~a3+iy~,ADJ,
SEM_SPECS:ta1a2~u3+iy~,ta1a2~u3+iy~,NOUN,SEM_SPECS,ATTR:ta1a2~u3+iy~,ta1a2~u3+iy~,ADJ,
SEM_SPECS: muta1A2a3+iy~,muta1A2a3+iy~,NOUN,SEM_SPECS,ATTR: muta1A2a3+iy~,muta1A2a3+iy~,ADJ,
SEM_SPECS:ta1A2u3+iy~,ta1A2u3+iy~,NOUN,SEM_SPECS,ATTR:ta1A2u3+iy~,ta1A2u3+iy~,ADJ,
SEM_SPECS:muno1a2a3+iy~,muno1a2a3+iy~,NOUN,SEM_SPECS,ATTR:muno1a2a3+iy~,muno1a2a3+iy~,ADJ,
SEM_SPECS:{ino1i2A3+iy~,{ino1i2A3+iy~,NOUN,SEM_SPECS,ATTR:{ino1i2A3+iy~,{ino1i2A3+iy~,ADJ,
SEM_SPECS:{ino1i2A3+iy~,{ino1i2A3+iy~,NOUN,SEM_SPECS,ATTR:{ino1i2A3+iy~,{ino1i2A3+iy~,ADJ,
SEM_SPECS: mu1ta2a3+iy~,mu1ta2a3+iy~,NOUN,SEM_SPECS,ATTR: mu1ta2a3+iy~,mu1ta2a3+iy~,ADJ,
SEM_SPECS:{i1oti2A3+iy~,{i1oti2A3+iy~,NOUN,SEM_SPECS,ATTR:{i1oti2A3+iy~,{i1oti2A3+iy~,ADJ,
SEM_SPECS:musota12a3+iy~,musota12a3+iy~,NOUN,SEM_SPECS,ATTR:musota12a3+iy~,musota12a3+iy~,ADJ,
SEM_SPECS:{isoti1o2A3+iy~,{isoti1o2A3+iy~,NOUN,SEM_SPECS,ATTR:{isoti1o2A3+iy~,{isoti1o2A3+iy~,ADJ,
SEM_SPECS:ma1A3 +iy~,ma1A3 +iy~,NOUN,SEM_SPECS,ATTR:ma1A3 +iy~,ma1A3 +iy~,ADJ,
SEM_SPECS:ma1a3o3+iy~,ma1a3o3+iy~,NOUN,SEM_SPECS,ATTR:ma1a3o3+iy~,ma1a3o3+iy~,ADJ,
SEM_SPECS:ma1iy3+iy~,ma1iy3+iy~,NOUN,SEM_SPECS,ATTR:ma1iy3+iy~,ma1iy3+iy~,ADJ,
SEM_SPECS:ma1o2a3+iy~,ma1o2a3+iy~,NOUN,SEM_SPECS,ATTR:ma1o2a3+iy~,ma1o2a3+iy~,ADJ,
SEM_SPECS:ma1o2i3+iy~,ma1o2i3+iy~,NOUN,SEM_SPECS,ATTR:ma1o2i3+iy~,ma1o2i3+iy~,ADJ,
SEM_SPECS:1a2a3+iy~,1a2a3+iy~,NOUN,SEM_SPECS,ATTR:1a2a3+iy~,1a2a3+iy~,ADJ,
SEM_SPECS:1a2A3+iy~,1a2A3+iy~,NOUN,SEM_SPECS,ATTR:1a2A3+iy~,1a2A3+iy~,ADJ,
SEM_SPECS:1i2A3+iy~,1i2A3+iy~,NOUN,SEM_SPECS,ATTR:1i2A3+iy~,1i2A3+iy~,ADJ,
SEM_SPECS:1a2a3+iy~,1a2a3+iy~,NOUN,SEM_SPECS,ATTR:1a2a3+iy~,1a2a3+iy~,ADJ,
SEM_SPECS:1a2A3+iy~,1a2A3+iy~,NOUN,SEM_SPECS,ATTR:1a2A3+iy~,1a2A3+iy~,ADJ,
SEM_SPECS:1a2a3An+iy~,1a2a3An+iy~,NOUN,SEM_SPECS,ATTR:1a2a3An+iy~,1a2a3An+iy~,ADJ,
SEM_SPECS:1a2iy3+iy~,1a2iy3+iy~,NOUN,SEM_SPECS,ATTR:1a2iy3+iy~,1a2iy3+iy~,ADJ,
SEM_SPECS:1a2iy3+iy~,1a2iy3+iy~,NOUN,SEM_SPECS,ATTR:1a2iy3+iy~,1a2iy3+iy~,ADJ,
SEM_SPECS:1a2o3+iy~,1a2o3+iy~,NOUN,SEM_SPECS,ATTR:1a2o3+iy~,1a2o3+iy~,ADJ,
SEM_SPECS:1a2o3+iy~,1a2o3+iy~,NOUN,SEM_SPECS,ATTR:1a2o3+iy~,1a2o3+iy~,ADJ,
SEM_SPECS:1a2o3+iy~,1a2o3+iy~,NOUN,SEM_SPECS,ATTR:1a2o3+iy~,1a2o3+iy~,ADJ,
SEM_SPECS:1a2uw3+iy~,1a2uw3+iy~,NOUN,SEM_SPECS,ATTR:1a2uw3+iy~,1a2uw3+iy~,ADJ,
SEM_SPECS:1i2A3+iy~,1i2A3+iy~,NOUN,SEM_SPECS,ATTR:1i2A3+iy~,1i2A3+iy~,ADJ,
SEM_SPECS:1i2o3+iy~,1i2o3+iy~,NOUN,SEM_SPECS,ATTR:1i2o3+iy~,1i2o3+iy~,ADJ,
SEM_SPECS:1i2o3+iy~,1i2o3+iy~,NOUN,SEM_SPECS,ATTR:1i2o3+iy~,1i2o3+iy~,ADJ,
SEM_SPECS:1i2o3An+iy~,1i2o3An+iy~,NOUN,SEM_SPECS,ATTR:1i2o3An+iy~,1i2o3An+iy~,ADJ,
SEM_SPECS:1u2A3+iy~,1u2A3+iy~,NOUN,SEM_SPECS,ATTR:1u2A3+iy~,1u2A3+iy~,ADJ,
SEM_SPECS:1u2o3+iy~,1u2o3+iy~,NOUN,SEM_SPECS,ATTR:1u2o3+iy~,1u2o3+iy~,ADJ,
SEM_SPECS:1u2o3+iy~,1u2o3+iy~,NOUN,SEM_SPECS,ATTR:1u2o3+iy~,1u2o3+iy~,ADJ,
SEM_SPECS:1u2o3An+iy~,1u2o3An+iy~,NOUN,SEM_SPECS,ATTR:1u2o3An+iy~,1u2o3An+iy~,ADJ,
SEM_SPECS:1u2uw3+iy~,1u2uw3+iy~,NOUN,SEM_SPECS,ATTR:1u2uw3+iy~,1u2uw3+iy~,ADJ,
SEM_SPECS:1u2uw3+iy~,1u2uw3+iy~,NOUN,SEM_SPECS,ATTR:1u2uw3+iy~,1u2uw3+iy~,ADJ,
SEM_SPECS:1a2o3+iy~,1a2o3+iy~,NOUN,SEM_SPECS,ATTR:1a2o3+iy~,1a2o3+iy~,ADJ,
SEM_SPECS:1a2~A3+iy~,1a2~A3+iy~,NOUN,SEM_SPECS,ATTR:1a2~A3+iy~,1a2~A3+iy~,ADJ,
SEM_SPECS:mi1o2A3+iy~,mi1o2A3+iy~,NOUN,SEM_SPECS,ATTR:mi1o2A3+iy~,mi1o2A3+iy~,ADJ,
SEM_SPECS:mi1o2a3+iy~,mi1o2a3+iy~,NOUN,SEM_SPECS,ATTR:mi1o2a3+iy~,mi1o2a3+iy~,ADJ,
SEM_SPECS:mi1o2a3+iy~,mi1o2a3+iy~,NOUN,SEM_SPECS,ATTR:mi1o2a3+iy~,mi1o2a3+iy~,ADJ,
SEM_SPECS:ma1o2a3+iy~,ma1o2a3+iy~,NOUN,SEM_SPECS,ATTR:ma1o2a3+iy~,ma1o2a3+iy~,ADJ,
SEM_SPECS:ma1o2a3+iy~,ma1o2a3+iy~,NOUN,SEM_SPECS,ATTR:ma1o2a3+iy~,ma1o2a3+iy~,ADJ,
SEM_SPECS:ma1o2i3+iy~,ma1o2i3+iy~,NOUN,SEM_SPECS,ATTR:ma1o2i3+iy~,ma1o2i3+iy~,ADJ,
SEM_SPECS:ma1o2i3+iy~,ma1o2i3+iy~,NOUN,SEM_SPECS,ATTR:ma1o2i3+iy~,ma1o2i3+iy~,ADJ,
SEM_SPECS:<i1o2A3+iy~,<i1o2A3+iy~,NOUN,SEM_SPECS,ATTR:<i1o2A3+iy~,<i1o2A3+iy~,ADJ,
SEM_SPECS:<i1o2A3+iy~,<i1o2A3+iy~,NOUN,SEM_SPECS,ATTR:<i1o2A3+iy~,<i1o2A3+iy~,ADJ,
SEM_SPECS:mu1o2a3~+iy~,mu1o2a3~+iy~,NOUN,SEM_SPECS,ATTR:mu1o2a3~+iy~,mu1o2a3~+iy~,ADJ,
SEM_SPECS:{i1o2i3A3+iy~,{i1o2i3A3+iy~,NOUN,SEM_SPECS,ATTR:{i1o2i3A3+iy~,{i1o2i3A3+iy~,ADJ,
SEM_SPECS: muta1a2~a3+iy~,muta1a2~a3+iy~,NOUN,SEM_SPECS,ATTR: muta1a2~a3+iy~,muta1a2~a3+iy~,ADJ,
SEM_SPECS:ta1a2~u3+iy~,ta1a2~u3+iy~,NOUN,SEM_SPECS,ATTR:ta1a2~u3+iy~,ta1a2~u3+iy~,ADJ,
SEM_SPECS: muta1A2a3+iy~,muta1A2a3+iy~,NOUN,SEM_SPECS,ATTR: muta1A2a3+iy~,muta1A2a3+iy~,ADJ,
SEM_SPECS:ta1A2u3+iy~,ta1A2u3+iy~,NOUN,SEM_SPECS,ATTR:ta1A2u3+iy~,ta1A2u3+iy~,ADJ,
SEM_SPECS:muno1a2a3+iy~,muno1a2a3+iy~,NOUN,SEM_SPECS,ATTR:muno1a2a3+iy~,muno1a2a3+iy~,ADJ,
SEM_SPECS:{ino1i2A3+iy~,{ino1i2A3+iy~,NOUN,SEM_SPECS,ATTR:{ino1i2A3+iy~,{ino1i2A3+iy~,ADJ,
SEM_SPECS:{ino1i2A3+iy~,{ino1i2A3+iy~,NOUN,SEM_SPECS,ATTR:{ino1i2A3+iy~,{ino1i2A3+iy~,ADJ,
SEM_SPECS: mu1ta2a3+iy~,mu1ta2a3+iy~,NOUN,SEM_SPECS,ATTR: mu1ta2a3+iy~,mu1ta2a3+iy~,ADJ,
SEM_SPECS:{i1oti2A3+iy~,{i1oti2A3+iy~,NOUN,SEM_SPECS,ATTR:{i1oti2A3+iy~,{i1oti2A3+iy~,ADJ,
SEM_SPECS:musota12a3+iy~,musota12a3+iy~,NOUN,SEM_SPECS,ATTR:musota12a3+iy~,musota12a3+iy~,ADJ,
SEM_SPECS:{isoti1o2A3+iy~,{isoti1o2A3+iy~,NOUN,SEM_SPECS,ATTR:{isoti1o2A3+iy~,{isoti1o2A3+iy~,ADJ,
SEM_SPECS:ma1A3 +iy~,ma1A3 +iy~,NOUN,SEM_SPECS,ATTR:ma1A3 +iy~,ma1A3 +iy~,ADJ,
SEM_SPECS:ma1a3o3+iy~,ma1a3o3+iy~,NOUN,SEM_SPECS,ATTR:ma1a3o3+iy~,ma1a3o3+iy~,ADJ,
SEM_SPECS:ma1iy3+iy~,ma1iy3+iy~,NOUN,SEM_SPECS,ATTR:ma1iy3+iy~,ma1iy3+iy~,ADJ,
SEM_SPECS:ma1o2a3+iy~,ma1o2a3+iy~,NOUN,SEM_SPECS,ATTR:ma1o2a3+iy~,ma1o2a3+iy~,ADJ,
SEM_SPECS:ma1o2i3+iy~,ma1o2i3+iy~,NOUN,SEM_SPECS,ATTR:ma1o2i3+iy~,ma1o2i3+iy~,ADJ,
SEM_SPECS:1a2a3+iy~,1a2a3+iy~,NOUN,SEM_SPECS,ATTR:1a2a3+iy~,1a2a3+iy~,ADJ,
SEM_SPECS:1a2A3+iy~,1a2A3+iy~,NOUN,SEM_SPECS,ATTR:1a2A3+iy~,1a2A3+iy~,ADJ,
SEM_SPECS:1i2A3+iy~,1i2A3+iy~,NOUN,SEM_SPECS,ATTR:1i2A3+iy~,1i2A3+iy~,ADJ,
SEM_SPECS:1a2a3+iy~,1a2a3+iy~,NOUN,SEM_SPECS,ATTR:1a2a3+iy~,1a2a3+iy~,ADJ,
SEM_SPECS:1a2A3+iy~,1a2A3+iy~,NOUN,SEM_SPECS,ATTR:1a2A3+iy~,1a2A3+iy~,ADJ,
SEM_SPECS:1a2a3An+iy~,1a2a3An+iy~,NOUN,SEM_SPECS,ATTR:1a2a3An+iy~,1a2a3An+iy~,ADJ,
SEM_SPECS:1a2iy3+iy~,1a2iy3+iy~,NOUN,SEM_SPECS,ATTR:1a2iy3+iy~,1a2iy3+iy~,ADJ,
SEM_SPECS:1a2iy3+iy~,1a2iy3+iy~,NOUN,SEM_SPECS,ATTR:1a2iy3+iy~,1a2iy3+iy~,ADJ,
SEM_SPECS:1a2o3+iy~,1a2o3+iy~,NOUN,SEM_SPECS,ATTR:1a2o3+iy~,1a2o3+iy~,ADJ,
SEM_SPECS:1a2o3+iy~,1a2o3+iy~,NOUN,SEM_SPECS,ATTR:1a2o3+iy~,1a2o3+iy~,ADJ,
SEM_SPECS:1a2o3+iy~,1a2o3+iy~,NOUN,SEM_SPECS,ATTR:1a2o3+iy~,1a2o3+iy~,ADJ,
SEM_SPECS:1a2uw3+iy~,1a2uw3+iy~,NOUN,SEM_SPECS,ATTR:1a2uw3+iy~,1a2uw3+iy~,ADJ,
SEM_SPECS:1i2A3+iy~,1i2A3+iy~,NOUN,SEM_SPECS,ATTR:1i2A3+iy~,1i2A3+iy~,ADJ,
SEM_SPECS:1i2o3+iy~,1i2o3+iy~,NOUN,SEM_SPECS,ATTR:1i2o3+iy~,1i2o3+iy~,ADJ,
SEM_SPECS:1i2o3+iy~,1i2o3+iy~,NOUN,SEM_SPECS,ATTR:1i2o3+iy~,1i2o3+iy~,ADJ,
SEM_SPECS:1i2o3An+iy~,1i2o3An+iy~,NOUN,SEM_SPECS,ATTR:1i2o3An+iy~,1i2o3An+iy~,ADJ,
SEM_SPECS:1u2A3+iy~,1u2A3+iy~,NOUN,SEM_SPECS,ATTR:1u2A3+iy~,1u2A3+iy~,ADJ,
SEM_SPECS:1u2o3+iy~,1u2o3+iy~,NOUN,SEM_SPECS,ATTR:1u2o3+iy~,1u2o3+iy~,ADJ,
SEM_SPECS:1u2o3+iy~,1u2o3+iy~,NOUN,SEM_SPECS,ATTR:1u2o3+iy~,1u2o3+iy~,ADJ,
SEM_SPECS:1u2o3An+iy~,1u2o3An+iy~,NOUN,SEM_SPECS,ATTR:1u2o3An+iy~,1u2o3An+iy~,ADJ,
SEM_SPECS:1u2uw3+iy~,1u2uw3+iy~,NOUN,SEM_SPECS,ATTR:1u2uw3+iy~,1u2uw3+iy~,ADJ,
SEM_SPECS:1u2uw3+iy~,1u2uw3+iy~,NOUN,SEM_SPECS,ATTR:1u2uw3+iy~,1u2uw3+iy~,ADJ,
SEM_SPECS:1a2o3+iy~,1a2o3+iy~,NOUN,SEM_SPECS,ATTR:1a2o3+iy~,1a2o3+iy~,ADJ,
SEM_SPECS:1a2~A3+iy~,1a2~A3+iy~,NOUN,SEM_SPECS,ATTR:1a2~A3+iy~,1a2~A3+iy~,ADJ,
SEM_SPECS:mi1o2A3+iy~,mi1o2A3+iy~,NOUN,SEM_SPECS,ATTR:mi1o2A3+iy~,mi1o2A3+iy~,ADJ,
SEM_SPECS:mi1o2a3+iy~,mi1o2a3+iy~,NOUN,SEM_SPECS,ATTR:mi1o2a3+iy~,mi1o2a3+iy~,ADJ,
SEM_SPECS:mi1o2a3+iy~,mi1o2a3+iy~,NOUN,SEM_SPECS,ATTR:mi1o2a3+iy~,mi1o2a3+iy~,ADJ,
SEM_SPECS:ma1o2a3+iy~,ma1o2a3+iy~,NOUN,SEM_SPECS,ATTR:ma1o2a3+iy~,ma1o2a3+iy~,ADJ,
SEM_SPECS:ma1o2a3+iy~,ma1o2a3+iy~,NOUN,SEM_SPECS,ATTR:ma1o2a3+iy~,ma1o2a3+iy~,ADJ,
SEM_SPECS:ma1o2i3+iy~,ma1o2i3+iy~,NOUN,SEM_SPECS,ATTR:ma1o2i3+iy~,ma1o2i3+iy~,ADJ,
SEM_SPECS:ma1o2i3+iy~,ma1o2i3+iy~,NOUN,SEM_SPECS,ATTR:ma1o2i3+iy~,ma1o2i3+iy~,ADJ,